!!!!!!!!!! results/Qwen2.5-Coder-32B-Instruct/default-0.3-True/ArrayDeque1onedown.java.1
!!!!!!!!!! Running null_check
!!!!!!!!!! Entry 0
!!!!!!!!!! Running compile_check
!!!!!!!!!! Entry 0
!!!!!!!!!! Running fuzz_check
!!!!!!!!!! Entry 0
!!!!!!!!!! Running rdtp_check
!!!!!!!!!! Entry 0
Loading checkpoint shards:   0%|          | 0/14 [00:00<?, ?it/s]Loading checkpoint shards:   7%|▋         | 1/14 [00:01<00:17,  1.36s/it]Loading checkpoint shards:  14%|█▍        | 2/14 [00:02<00:16,  1.39s/it]Loading checkpoint shards:  21%|██▏       | 3/14 [00:04<00:15,  1.39s/it]Loading checkpoint shards:  29%|██▊       | 4/14 [00:05<00:13,  1.39s/it]Loading checkpoint shards:  36%|███▌      | 5/14 [00:06<00:12,  1.41s/it]Loading checkpoint shards:  43%|████▎     | 6/14 [00:08<00:11,  1.42s/it]Loading checkpoint shards:  50%|█████     | 7/14 [00:10<00:10,  1.48s/it]Loading checkpoint shards:  57%|█████▋    | 8/14 [00:11<00:09,  1.51s/it]Loading checkpoint shards:  64%|██████▍   | 9/14 [00:13<00:07,  1.50s/it]Loading checkpoint shards:  71%|███████▏  | 10/14 [00:14<00:06,  1.53s/it]Loading checkpoint shards:  79%|███████▊  | 11/14 [00:16<00:04,  1.54s/it]Loading checkpoint shards:  86%|████████▌ | 12/14 [00:17<00:02,  1.49s/it]Loading checkpoint shards:  93%|█████████▎| 13/14 [00:19<00:01,  1.46s/it]Loading checkpoint shards: 100%|██████████| 14/14 [00:19<00:00,  1.21s/it]Loading checkpoint shards: 100%|██████████| 14/14 [00:19<00:00,  1.40s/it]
The attention mask is not set and cannot be inferred from input because pad token is same as eos token. As a consequence, you may observe unexpected behavior. Please pass your input's `attention_mask` to obtain reliable results.
/opt/conda/lib/python3.11/site-packages/transformers/generation/utils.py:2506: UserWarning: You are calling .generate() with the `input_ids` being on a device type different than your model's device. `input_ids` is on cpu, whereas the model is on cuda. You may experience unexpected behaviors or slower generation. Please make sure that you have put `input_ids` to the correct device by calling for example input_ids = input_ids.to('cuda') before running `.generate()`.
  warnings.warn(
!!!!!!!!!! Running equiv_check
!!!!!!!!!! Entry 0
!!!!!!!!!! results/Qwen2.5-Coder-32B-Instruct/default-0.3-True/ArrayDeque2onedown.java.2
!!!!!!!!!! Running null_check
!!!!!!!!!! Entry 0
!!!!!!!!!! Running compile_check
!!!!!!!!!! Entry 0
!!!!!!!!!! Running fuzz_check
!!!!!!!!!! Entry 0
!!!!!!!!!! Running rdtp_check
!!!!!!!!!! Entry 0
/opt/conda/lib/python3.11/site-packages/transformers/generation/utils.py:2506: UserWarning: You are calling .generate() with the `input_ids` being on a device type different than your model's device. `input_ids` is on cpu, whereas the model is on cuda. You may experience unexpected behaviors or slower generation. Please make sure that you have put `input_ids` to the correct device by calling for example input_ids = input_ids.to('cuda') before running `.generate()`.
  warnings.warn(
!!!!!!!!!! Running equiv_check
!!!!!!!!!! Entry 0
!!!!!!!!!! results/Qwen2.5-Coder-32B-Instruct/default-0.3-True/ArrayDeque3onedown.java.3
!!!!!!!!!! Running null_check
!!!!!!!!!! Entry 0
!!!!!!!!!! Running compile_check
!!!!!!!!!! Entry 0
!!!!!!!!!! Running fuzz_check
!!!!!!!!!! Entry 0
!!!!!!!!!! Running rdtp_check
!!!!!!!!!! Entry 0
/opt/conda/lib/python3.11/site-packages/transformers/generation/utils.py:2506: UserWarning: You are calling .generate() with the `input_ids` being on a device type different than your model's device. `input_ids` is on cpu, whereas the model is on cuda. You may experience unexpected behaviors or slower generation. Please make sure that you have put `input_ids` to the correct device by calling for example input_ids = input_ids.to('cuda') before running `.generate()`.
  warnings.warn(
!!!!!!!!!! Running equiv_check
!!!!!!!!!! Entry 0
!!!!!!!!!! results/Qwen2.5-Coder-32B-Instruct/default-0.3-True/ArrayDeque4onedown.java.4
!!!!!!!!!! Running null_check
!!!!!!!!!! Entry 0
!!!!!!!!!! Running compile_check
!!!!!!!!!! Entry 0
!!!!!!!!!! Running fuzz_check
!!!!!!!!!! Entry 0
!!!!!!!!!! Running rdtp_check
!!!!!!!!!! Entry 0
/opt/conda/lib/python3.11/site-packages/transformers/generation/utils.py:2506: UserWarning: You are calling .generate() with the `input_ids` being on a device type different than your model's device. `input_ids` is on cpu, whereas the model is on cuda. You may experience unexpected behaviors or slower generation. Please make sure that you have put `input_ids` to the correct device by calling for example input_ids = input_ids.to('cuda') before running `.generate()`.
  warnings.warn(
!!!!!!!!!! Running equiv_check
!!!!!!!!!! Entry 0
!!!!!!!!!! results/Qwen2.5-Coder-32B-Instruct/default-0.3-True/ArrayDeque5onedown.java.5
!!!!!!!!!! Running null_check
!!!!!!!!!! Entry 0
!!!!!!!!!! Running compile_check
!!!!!!!!!! Entry 0
!!!!!!!!!! Running fuzz_check
!!!!!!!!!! Entry 0
!!!!!!!!!! Running rdtp_check
!!!!!!!!!! Entry 0
/opt/conda/lib/python3.11/site-packages/transformers/generation/utils.py:2506: UserWarning: You are calling .generate() with the `input_ids` being on a device type different than your model's device. `input_ids` is on cpu, whereas the model is on cuda. You may experience unexpected behaviors or slower generation. Please make sure that you have put `input_ids` to the correct device by calling for example input_ids = input_ids.to('cuda') before running `.generate()`.
  warnings.warn(
!!!!!!!!!! Running equiv_check
!!!!!!!!!! Entry 0
!!!!!!!!!! results/Qwen2.5-Coder-32B-Instruct/default-0.3-True/ArrayDeque6onedown.java.6
!!!!!!!!!! Running null_check
!!!!!!!!!! Entry 0
!!!!!!!!!! Running compile_check
!!!!!!!!!! Entry 0
!!!!!!!!!! Running fuzz_check
!!!!!!!!!! Entry 0
!!!!!!!!!! Running rdtp_check
!!!!!!!!!! Entry 0
/opt/conda/lib/python3.11/site-packages/transformers/generation/utils.py:2506: UserWarning: You are calling .generate() with the `input_ids` being on a device type different than your model's device. `input_ids` is on cpu, whereas the model is on cuda. You may experience unexpected behaviors or slower generation. Please make sure that you have put `input_ids` to the correct device by calling for example input_ids = input_ids.to('cuda') before running `.generate()`.
  warnings.warn(
!!!!!!!!!! Running equiv_check
!!!!!!!!!! Entry 0
!!!!!!!!!! results/Qwen2.5-Coder-32B-Instruct/default-0.3-True/ArrayDeque7onedown.java.7
!!!!!!!!!! Running null_check
!!!!!!!!!! Entry 0
!!!!!!!!!! Running compile_check
!!!!!!!!!! Entry 0
!!!!!!!!!! Running fuzz_check
!!!!!!!!!! Entry 0
!!!!!!!!!! Running rdtp_check
!!!!!!!!!! Entry 0
/opt/conda/lib/python3.11/site-packages/transformers/generation/utils.py:2506: UserWarning: You are calling .generate() with the `input_ids` being on a device type different than your model's device. `input_ids` is on cpu, whereas the model is on cuda. You may experience unexpected behaviors or slower generation. Please make sure that you have put `input_ids` to the correct device by calling for example input_ids = input_ids.to('cuda') before running `.generate()`.
  warnings.warn(
!!!!!!!!!! Running equiv_check
!!!!!!!!!! results/Qwen2.5-Coder-32B-Instruct/default-0.3-True/ArrayDeque8onedown.java.8
!!!!!!!!!! Running null_check
!!!!!!!!!! Entry 0
!!!!!!!!!! Running compile_check
!!!!!!!!!! Entry 0
!!!!!!!!!! Running fuzz_check
!!!!!!!!!! Entry 0
!!!!!!!!!! Running rdtp_check
!!!!!!!!!! Running equiv_check
!!!!!!!!!! results/Qwen2.5-Coder-32B-Instruct/default-0.3-True/ArrayDeque9onedown.java.9
!!!!!!!!!! Running null_check
!!!!!!!!!! Entry 0
!!!!!!!!!! Entry 1
!!!!!!!!!! Running compile_check
!!!!!!!!!! Entry 0
!!!!!!!!!! Entry 1
!!!!!!!!!! Running fuzz_check
!!!!!!!!!! Entry 0
!!!!!!!!!! Entry 1
!!!!!!!!!! Running rdtp_check
!!!!!!!!!! Entry 1
/opt/conda/lib/python3.11/site-packages/transformers/generation/utils.py:2506: UserWarning: You are calling .generate() with the `input_ids` being on a device type different than your model's device. `input_ids` is on cpu, whereas the model is on cuda. You may experience unexpected behaviors or slower generation. Please make sure that you have put `input_ids` to the correct device by calling for example input_ids = input_ids.to('cuda') before running `.generate()`.
  warnings.warn(
!!!!!!!!!! Running equiv_check
!!!!!!!!!! Entry 1
!!!!!!!!!! results/Qwen2.5-Coder-32B-Instruct/default-0.3-True/ArrayDeque10onedown.java.10
!!!!!!!!!! Running null_check
!!!!!!!!!! Entry 0
!!!!!!!!!! Running compile_check
!!!!!!!!!! Entry 0
!!!!!!!!!! Running fuzz_check
!!!!!!!!!! Entry 0
!!!!!!!!!! Running rdtp_check
!!!!!!!!!! Entry 0
/opt/conda/lib/python3.11/site-packages/transformers/generation/utils.py:2506: UserWarning: You are calling .generate() with the `input_ids` being on a device type different than your model's device. `input_ids` is on cpu, whereas the model is on cuda. You may experience unexpected behaviors or slower generation. Please make sure that you have put `input_ids` to the correct device by calling for example input_ids = input_ids.to('cuda') before running `.generate()`.
  warnings.warn(
!!!!!!!!!! Running equiv_check
!!!!!!!!!! results/Qwen2.5-Coder-32B-Instruct/default-0.3-True/ArrayDeque11onedown.java.11
!!!!!!!!!! Running null_check
!!!!!!!!!! Entry 0
!!!!!!!!!! Running compile_check
!!!!!!!!!! Entry 0
!!!!!!!!!! Running fuzz_check
!!!!!!!!!! Entry 0
!!!!!!!!!! Running rdtp_check
!!!!!!!!!! Entry 0
/opt/conda/lib/python3.11/site-packages/transformers/generation/utils.py:2506: UserWarning: You are calling .generate() with the `input_ids` being on a device type different than your model's device. `input_ids` is on cpu, whereas the model is on cuda. You may experience unexpected behaviors or slower generation. Please make sure that you have put `input_ids` to the correct device by calling for example input_ids = input_ids.to('cuda') before running `.generate()`.
  warnings.warn(
!!!!!!!!!! Running equiv_check
!!!!!!!!!! results/Qwen2.5-Coder-32B-Instruct/default-0.3-True/ArrayDeque12onedown.java.12
!!!!!!!!!! Running null_check
!!!!!!!!!! Entry 0
!!!!!!!!!! Running compile_check
!!!!!!!!!! Entry 0
!!!!!!!!!! Running fuzz_check
!!!!!!!!!! Entry 0
!!!!!!!!!! Running rdtp_check
!!!!!!!!!! Running equiv_check
!!!!!!!!!! results/Qwen2.5-Coder-32B-Instruct/default-0.3-True/ArrayDeque13onedown.java.13
!!!!!!!!!! Running null_check
!!!!!!!!!! Entry 0
!!!!!!!!!! Running compile_check
!!!!!!!!!! Entry 0
!!!!!!!!!! Running fuzz_check
!!!!!!!!!! Entry 0
!!!!!!!!!! Running rdtp_check
!!!!!!!!!! Entry 0
/opt/conda/lib/python3.11/site-packages/transformers/generation/utils.py:2506: UserWarning: You are calling .generate() with the `input_ids` being on a device type different than your model's device. `input_ids` is on cpu, whereas the model is on cuda. You may experience unexpected behaviors or slower generation. Please make sure that you have put `input_ids` to the correct device by calling for example input_ids = input_ids.to('cuda') before running `.generate()`.
  warnings.warn(
!!!!!!!!!! Running equiv_check
!!!!!!!!!! Entry 0
!!!!!!!!!! results/Qwen2.5-Coder-32B-Instruct/default-0.3-True/ArrayDeque14onedown.java.14
!!!!!!!!!! Running null_check
!!!!!!!!!! Entry 0
!!!!!!!!!! Entry 2
!!!!!!!!!! Running compile_check
!!!!!!!!!! Entry 0
!!!!!!!!!! Entry 2
!!!!!!!!!! Running fuzz_check
!!!!!!!!!! Entry 2
!!!!!!!!!! Running rdtp_check
!!!!!!!!!! Running equiv_check
!!!!!!!!!! results/Qwen2.5-Coder-32B-Instruct/default-0.3-True/ArrayDeque15onedown.java.15
!!!!!!!!!! Running null_check
!!!!!!!!!! Entry 0
!!!!!!!!!! Running compile_check
!!!!!!!!!! Entry 0
!!!!!!!!!! Running fuzz_check
!!!!!!!!!! Entry 0
!!!!!!!!!! Running rdtp_check
!!!!!!!!!! Running equiv_check
!!!!!!!!!! results/Qwen2.5-Coder-32B-Instruct/default-0.3-True/ArrayDeque16onedown.java.16
!!!!!!!!!! Running null_check
!!!!!!!!!! Entry 0
!!!!!!!!!! Running compile_check
!!!!!!!!!! Entry 0
!!!!!!!!!! Running fuzz_check
!!!!!!!!!! Entry 0
!!!!!!!!!! Running rdtp_check
!!!!!!!!!! Entry 0
/opt/conda/lib/python3.11/site-packages/transformers/generation/utils.py:2506: UserWarning: You are calling .generate() with the `input_ids` being on a device type different than your model's device. `input_ids` is on cpu, whereas the model is on cuda. You may experience unexpected behaviors or slower generation. Please make sure that you have put `input_ids` to the correct device by calling for example input_ids = input_ids.to('cuda') before running `.generate()`.
  warnings.warn(
!!!!!!!!!! Running equiv_check
!!!!!!!!!! Entry 0
!!!!!!!!!! results/Qwen2.5-Coder-32B-Instruct/default-0.3-True/ArrayDeque17onedown.java.17
!!!!!!!!!! Running null_check
!!!!!!!!!! Entry 0
!!!!!!!!!! Running compile_check
!!!!!!!!!! Entry 0
!!!!!!!!!! Running fuzz_check
!!!!!!!!!! Entry 0
!!!!!!!!!! Running rdtp_check
!!!!!!!!!! Entry 0
/opt/conda/lib/python3.11/site-packages/transformers/generation/utils.py:2506: UserWarning: You are calling .generate() with the `input_ids` being on a device type different than your model's device. `input_ids` is on cpu, whereas the model is on cuda. You may experience unexpected behaviors or slower generation. Please make sure that you have put `input_ids` to the correct device by calling for example input_ids = input_ids.to('cuda') before running `.generate()`.
  warnings.warn(
!!!!!!!!!! Running equiv_check
!!!!!!!!!! Entry 0
!!!!!!!!!! results/Qwen2.5-Coder-32B-Instruct/default-0.3-True/ArrayDeque18onedown.java.18
!!!!!!!!!! Running null_check
!!!!!!!!!! Entry 0
!!!!!!!!!! Running compile_check
!!!!!!!!!! Entry 0
!!!!!!!!!! Running fuzz_check
!!!!!!!!!! Entry 0
!!!!!!!!!! Running rdtp_check
!!!!!!!!!! Entry 0
/opt/conda/lib/python3.11/site-packages/transformers/generation/utils.py:2506: UserWarning: You are calling .generate() with the `input_ids` being on a device type different than your model's device. `input_ids` is on cpu, whereas the model is on cuda. You may experience unexpected behaviors or slower generation. Please make sure that you have put `input_ids` to the correct device by calling for example input_ids = input_ids.to('cuda') before running `.generate()`.
  warnings.warn(
!!!!!!!!!! Running equiv_check
!!!!!!!!!! results/Qwen2.5-Coder-32B-Instruct/default-0.3-True/ArrayDeque19onedown.java.19
!!!!!!!!!! Running null_check
!!!!!!!!!! Entry 0
!!!!!!!!!! Running compile_check
!!!!!!!!!! Entry 0
!!!!!!!!!! Running fuzz_check
!!!!!!!!!! Entry 0
!!!!!!!!!! Running rdtp_check
!!!!!!!!!! Entry 0
/opt/conda/lib/python3.11/site-packages/transformers/generation/utils.py:2506: UserWarning: You are calling .generate() with the `input_ids` being on a device type different than your model's device. `input_ids` is on cpu, whereas the model is on cuda. You may experience unexpected behaviors or slower generation. Please make sure that you have put `input_ids` to the correct device by calling for example input_ids = input_ids.to('cuda') before running `.generate()`.
  warnings.warn(
!!!!!!!!!! Running equiv_check
!!!!!!!!!! Entry 0
!!!!!!!!!! results/Qwen2.5-Coder-32B-Instruct/default-0.3-True/ArrayDeque20onedown.java.20
!!!!!!!!!! Running null_check
!!!!!!!!!! Entry 0
!!!!!!!!!! Running compile_check
!!!!!!!!!! Entry 0
!!!!!!!!!! Running fuzz_check
!!!!!!!!!! Entry 0
!!!!!!!!!! Running rdtp_check
!!!!!!!!!! Entry 0
/opt/conda/lib/python3.11/site-packages/transformers/generation/utils.py:2506: UserWarning: You are calling .generate() with the `input_ids` being on a device type different than your model's device. `input_ids` is on cpu, whereas the model is on cuda. You may experience unexpected behaviors or slower generation. Please make sure that you have put `input_ids` to the correct device by calling for example input_ids = input_ids.to('cuda') before running `.generate()`.
  warnings.warn(
!!!!!!!!!! Running equiv_check
!!!!!!!!!! Entry 0
!!!!!!!!!! results/Qwen2.5-Coder-32B-Instruct/default-0.3-True/ArrayDeque21onedown.java.21
!!!!!!!!!! Running null_check
!!!!!!!!!! Entry 0
!!!!!!!!!! Running compile_check
!!!!!!!!!! Entry 0
!!!!!!!!!! Running fuzz_check
!!!!!!!!!! Entry 0
!!!!!!!!!! Running rdtp_check
!!!!!!!!!! Entry 0
/opt/conda/lib/python3.11/site-packages/transformers/generation/utils.py:2506: UserWarning: You are calling .generate() with the `input_ids` being on a device type different than your model's device. `input_ids` is on cpu, whereas the model is on cuda. You may experience unexpected behaviors or slower generation. Please make sure that you have put `input_ids` to the correct device by calling for example input_ids = input_ids.to('cuda') before running `.generate()`.
  warnings.warn(
!!!!!!!!!! Running equiv_check
!!!!!!!!!! Entry 0
!!!!!!!!!! results/Qwen2.5-Coder-32B-Instruct/default-0.3-True/ArrayDeque22onedown.java.22
!!!!!!!!!! Running null_check
!!!!!!!!!! Entry 0
!!!!!!!!!! Running compile_check
!!!!!!!!!! Entry 0
!!!!!!!!!! Running fuzz_check
!!!!!!!!!! Entry 0
!!!!!!!!!! Running rdtp_check
!!!!!!!!!! Entry 0
/opt/conda/lib/python3.11/site-packages/transformers/generation/utils.py:2506: UserWarning: You are calling .generate() with the `input_ids` being on a device type different than your model's device. `input_ids` is on cpu, whereas the model is on cuda. You may experience unexpected behaviors or slower generation. Please make sure that you have put `input_ids` to the correct device by calling for example input_ids = input_ids.to('cuda') before running `.generate()`.
  warnings.warn(
!!!!!!!!!! Running equiv_check
!!!!!!!!!! Entry 0
!!!!!!!!!! results/Qwen2.5-Coder-32B-Instruct/default-0.3-True/ArrayDeque23onedown.java.23
!!!!!!!!!! Running null_check
!!!!!!!!!! Entry 0
!!!!!!!!!! Running compile_check
!!!!!!!!!! Entry 0
!!!!!!!!!! Running fuzz_check
!!!!!!!!!! Entry 0
!!!!!!!!!! Running rdtp_check
!!!!!!!!!! Entry 0
/opt/conda/lib/python3.11/site-packages/transformers/generation/utils.py:2506: UserWarning: You are calling .generate() with the `input_ids` being on a device type different than your model's device. `input_ids` is on cpu, whereas the model is on cuda. You may experience unexpected behaviors or slower generation. Please make sure that you have put `input_ids` to the correct device by calling for example input_ids = input_ids.to('cuda') before running `.generate()`.
  warnings.warn(
!!!!!!!!!! Running equiv_check
!!!!!!!!!! Entry 0
!!!!!!!!!! results/Qwen2.5-Coder-32B-Instruct/default-0.3-True/ArrayDeque24onedown.java.24
!!!!!!!!!! Running null_check
!!!!!!!!!! Entry 0
!!!!!!!!!! Running compile_check
!!!!!!!!!! Entry 0
!!!!!!!!!! Running fuzz_check
!!!!!!!!!! Entry 0
!!!!!!!!!! Running rdtp_check
!!!!!!!!!! Entry 0
/opt/conda/lib/python3.11/site-packages/transformers/generation/utils.py:2506: UserWarning: You are calling .generate() with the `input_ids` being on a device type different than your model's device. `input_ids` is on cpu, whereas the model is on cuda. You may experience unexpected behaviors or slower generation. Please make sure that you have put `input_ids` to the correct device by calling for example input_ids = input_ids.to('cuda') before running `.generate()`.
  warnings.warn(
!!!!!!!!!! Running equiv_check
!!!!!!!!!! Entry 0
!!!!!!!!!! results/Qwen2.5-Coder-32B-Instruct/default-0.3-True/ArrayDeque25onedown.java.25
!!!!!!!!!! Running null_check
!!!!!!!!!! Entry 0
!!!!!!!!!! Running compile_check
!!!!!!!!!! Entry 0
!!!!!!!!!! Running fuzz_check
!!!!!!!!!! Entry 0
!!!!!!!!!! Running rdtp_check
!!!!!!!!!! Entry 0
/opt/conda/lib/python3.11/site-packages/transformers/generation/utils.py:2506: UserWarning: You are calling .generate() with the `input_ids` being on a device type different than your model's device. `input_ids` is on cpu, whereas the model is on cuda. You may experience unexpected behaviors or slower generation. Please make sure that you have put `input_ids` to the correct device by calling for example input_ids = input_ids.to('cuda') before running `.generate()`.
  warnings.warn(
!!!!!!!!!! Running equiv_check
!!!!!!!!!! Entry 0
!!!!!!!!!! results/Qwen2.5-Coder-32B-Instruct/default-0.3-True/ArrayDeque26onedown.java.26
!!!!!!!!!! Running null_check
!!!!!!!!!! Entry 0
!!!!!!!!!! Running compile_check
!!!!!!!!!! Entry 0
!!!!!!!!!! Running fuzz_check
!!!!!!!!!! Entry 0
!!!!!!!!!! Running rdtp_check
!!!!!!!!!! Entry 0
/opt/conda/lib/python3.11/site-packages/transformers/generation/utils.py:2506: UserWarning: You are calling .generate() with the `input_ids` being on a device type different than your model's device. `input_ids` is on cpu, whereas the model is on cuda. You may experience unexpected behaviors or slower generation. Please make sure that you have put `input_ids` to the correct device by calling for example input_ids = input_ids.to('cuda') before running `.generate()`.
  warnings.warn(
!!!!!!!!!! Running equiv_check
!!!!!!!!!! Entry 0
!!!!!!!!!! results/Qwen2.5-Coder-32B-Instruct/default-0.3-True/ArrayDeque27onedown.java.27
!!!!!!!!!! Running null_check
!!!!!!!!!! Entry 0
!!!!!!!!!! Running compile_check
!!!!!!!!!! Entry 0
!!!!!!!!!! Running fuzz_check
!!!!!!!!!! Entry 0
!!!!!!!!!! Running rdtp_check
!!!!!!!!!! Entry 0
/opt/conda/lib/python3.11/site-packages/transformers/generation/utils.py:2506: UserWarning: You are calling .generate() with the `input_ids` being on a device type different than your model's device. `input_ids` is on cpu, whereas the model is on cuda. You may experience unexpected behaviors or slower generation. Please make sure that you have put `input_ids` to the correct device by calling for example input_ids = input_ids.to('cuda') before running `.generate()`.
  warnings.warn(
!!!!!!!!!! Running equiv_check
!!!!!!!!!! Entry 0
!!!!!!!!!! results/Qwen2.5-Coder-32B-Instruct/default-0.3-True/ArrayDeque28onedown.java.28
!!!!!!!!!! Running null_check
!!!!!!!!!! Entry 0
!!!!!!!!!! Running compile_check
!!!!!!!!!! Entry 0
!!!!!!!!!! Running fuzz_check
!!!!!!!!!! Entry 0
!!!!!!!!!! Running rdtp_check
!!!!!!!!!! Entry 0
/opt/conda/lib/python3.11/site-packages/transformers/generation/utils.py:2506: UserWarning: You are calling .generate() with the `input_ids` being on a device type different than your model's device. `input_ids` is on cpu, whereas the model is on cuda. You may experience unexpected behaviors or slower generation. Please make sure that you have put `input_ids` to the correct device by calling for example input_ids = input_ids.to('cuda') before running `.generate()`.
  warnings.warn(
!!!!!!!!!! Running equiv_check
!!!!!!!!!! results/Qwen2.5-Coder-32B-Instruct/default-0.3-True/ArrayDeque29onedown.java.29
!!!!!!!!!! Running null_check
!!!!!!!!!! Entry 0
!!!!!!!!!! Running compile_check
!!!!!!!!!! Entry 0
!!!!!!!!!! Running fuzz_check
!!!!!!!!!! Entry 0
!!!!!!!!!! Running rdtp_check
!!!!!!!!!! Entry 0
/opt/conda/lib/python3.11/site-packages/transformers/generation/utils.py:2506: UserWarning: You are calling .generate() with the `input_ids` being on a device type different than your model's device. `input_ids` is on cpu, whereas the model is on cuda. You may experience unexpected behaviors or slower generation. Please make sure that you have put `input_ids` to the correct device by calling for example input_ids = input_ids.to('cuda') before running `.generate()`.
  warnings.warn(
!!!!!!!!!! Running equiv_check
!!!!!!!!!! Entry 0
!!!!!!!!!! results/Qwen2.5-Coder-32B-Instruct/default-0.3-True/ArrayDeque30onedown.java.30
!!!!!!!!!! Running null_check
!!!!!!!!!! Entry 0
!!!!!!!!!! Running compile_check
!!!!!!!!!! Entry 0
!!!!!!!!!! Running fuzz_check
!!!!!!!!!! Entry 0
!!!!!!!!!! Running rdtp_check
!!!!!!!!!! Entry 0
/opt/conda/lib/python3.11/site-packages/transformers/generation/utils.py:2506: UserWarning: You are calling .generate() with the `input_ids` being on a device type different than your model's device. `input_ids` is on cpu, whereas the model is on cuda. You may experience unexpected behaviors or slower generation. Please make sure that you have put `input_ids` to the correct device by calling for example input_ids = input_ids.to('cuda') before running `.generate()`.
  warnings.warn(
!!!!!!!!!! Running equiv_check
!!!!!!!!!! Entry 0
!!!!!!!!!! results/Qwen2.5-Coder-32B-Instruct/default-0.3-True/ArrayDeque31onedown.java.31
!!!!!!!!!! Running null_check
!!!!!!!!!! Entry 0
!!!!!!!!!! Running compile_check
!!!!!!!!!! Entry 0
!!!!!!!!!! Running fuzz_check
!!!!!!!!!! Entry 0
!!!!!!!!!! Running rdtp_check
!!!!!!!!!! Entry 0
/opt/conda/lib/python3.11/site-packages/transformers/generation/utils.py:2506: UserWarning: You are calling .generate() with the `input_ids` being on a device type different than your model's device. `input_ids` is on cpu, whereas the model is on cuda. You may experience unexpected behaviors or slower generation. Please make sure that you have put `input_ids` to the correct device by calling for example input_ids = input_ids.to('cuda') before running `.generate()`.
  warnings.warn(
!!!!!!!!!! Running equiv_check
!!!!!!!!!! Entry 0
!!!!!!!!!! results/Qwen2.5-Coder-32B-Instruct/default-0.3-True/ArrayDeque32onedown.java.32
!!!!!!!!!! Running null_check
!!!!!!!!!! Entry 0
!!!!!!!!!! Running compile_check
!!!!!!!!!! Entry 0
!!!!!!!!!! Running fuzz_check
!!!!!!!!!! Entry 0
!!!!!!!!!! Running rdtp_check
!!!!!!!!!! Entry 0
/opt/conda/lib/python3.11/site-packages/transformers/generation/utils.py:2506: UserWarning: You are calling .generate() with the `input_ids` being on a device type different than your model's device. `input_ids` is on cpu, whereas the model is on cuda. You may experience unexpected behaviors or slower generation. Please make sure that you have put `input_ids` to the correct device by calling for example input_ids = input_ids.to('cuda') before running `.generate()`.
  warnings.warn(
!!!!!!!!!! Running equiv_check
!!!!!!!!!! Entry 0
!!!!!!!!!! results/Qwen2.5-Coder-32B-Instruct/default-0.3-True/ArrayDeque33onedown.java.33
!!!!!!!!!! Running null_check
!!!!!!!!!! Entry 0
!!!!!!!!!! Running compile_check
!!!!!!!!!! Entry 0
!!!!!!!!!! Running fuzz_check
!!!!!!!!!! Entry 0
!!!!!!!!!! Running rdtp_check
!!!!!!!!!! Running equiv_check
!!!!!!!!!! results/Qwen2.5-Coder-32B-Instruct/default-0.3-True/ArrayDeque34onedown.java.34
!!!!!!!!!! Running null_check
!!!!!!!!!! Entry 0
!!!!!!!!!! Running compile_check
!!!!!!!!!! Entry 0
!!!!!!!!!! Running fuzz_check
!!!!!!!!!! Entry 0
!!!!!!!!!! Running rdtp_check
!!!!!!!!!! Entry 0
/opt/conda/lib/python3.11/site-packages/transformers/generation/utils.py:2506: UserWarning: You are calling .generate() with the `input_ids` being on a device type different than your model's device. `input_ids` is on cpu, whereas the model is on cuda. You may experience unexpected behaviors or slower generation. Please make sure that you have put `input_ids` to the correct device by calling for example input_ids = input_ids.to('cuda') before running `.generate()`.
  warnings.warn(
!!!!!!!!!! Running equiv_check
!!!!!!!!!! Entry 0
!!!!!!!!!! results/Qwen2.5-Coder-32B-Instruct/default-0.3-True/ArrayDeque35onedown.java.35
!!!!!!!!!! Running null_check
!!!!!!!!!! Entry 0
!!!!!!!!!! Running compile_check
!!!!!!!!!! Entry 0
!!!!!!!!!! Running fuzz_check
!!!!!!!!!! Running rdtp_check
!!!!!!!!!! Running equiv_check
!!!!!!!!!! results/Qwen2.5-Coder-32B-Instruct/default-0.3-True/ArrayList1onedown.java.36
!!!!!!!!!! Running null_check
!!!!!!!!!! Entry 0
!!!!!!!!!! Running compile_check
!!!!!!!!!! Entry 0
!!!!!!!!!! Running fuzz_check
!!!!!!!!!! Entry 0
!!!!!!!!!! Running rdtp_check
!!!!!!!!!! Entry 0
/opt/conda/lib/python3.11/site-packages/transformers/generation/utils.py:2506: UserWarning: You are calling .generate() with the `input_ids` being on a device type different than your model's device. `input_ids` is on cpu, whereas the model is on cuda. You may experience unexpected behaviors or slower generation. Please make sure that you have put `input_ids` to the correct device by calling for example input_ids = input_ids.to('cuda') before running `.generate()`.
  warnings.warn(
!!!!!!!!!! Running equiv_check
!!!!!!!!!! Entry 0
!!!!!!!!!! results/Qwen2.5-Coder-32B-Instruct/default-0.3-True/ArrayList2onedown.java.37
!!!!!!!!!! Running null_check
!!!!!!!!!! Entry 0
!!!!!!!!!! Running compile_check
!!!!!!!!!! Entry 0
!!!!!!!!!! Running fuzz_check
!!!!!!!!!! Entry 0
!!!!!!!!!! Running rdtp_check
!!!!!!!!!! Entry 0
/opt/conda/lib/python3.11/site-packages/transformers/generation/utils.py:2506: UserWarning: You are calling .generate() with the `input_ids` being on a device type different than your model's device. `input_ids` is on cpu, whereas the model is on cuda. You may experience unexpected behaviors or slower generation. Please make sure that you have put `input_ids` to the correct device by calling for example input_ids = input_ids.to('cuda') before running `.generate()`.
  warnings.warn(
!!!!!!!!!! Running equiv_check
!!!!!!!!!! Entry 0
!!!!!!!!!! results/Qwen2.5-Coder-32B-Instruct/default-0.3-True/ArrayList3onedown.java.38
!!!!!!!!!! Running null_check
!!!!!!!!!! Entry 0
!!!!!!!!!! Running compile_check
!!!!!!!!!! Entry 0
!!!!!!!!!! Running fuzz_check
!!!!!!!!!! Entry 0
!!!!!!!!!! Running rdtp_check
!!!!!!!!!! Entry 0
/opt/conda/lib/python3.11/site-packages/transformers/generation/utils.py:2506: UserWarning: You are calling .generate() with the `input_ids` being on a device type different than your model's device. `input_ids` is on cpu, whereas the model is on cuda. You may experience unexpected behaviors or slower generation. Please make sure that you have put `input_ids` to the correct device by calling for example input_ids = input_ids.to('cuda') before running `.generate()`.
  warnings.warn(
!!!!!!!!!! Running equiv_check
!!!!!!!!!! results/Qwen2.5-Coder-32B-Instruct/default-0.3-True/ArrayList4onedown.java.39
!!!!!!!!!! Running null_check
!!!!!!!!!! Entry 0
!!!!!!!!!! Running compile_check
!!!!!!!!!! Entry 0
!!!!!!!!!! Running fuzz_check
!!!!!!!!!! Entry 0
!!!!!!!!!! Running rdtp_check
!!!!!!!!!! Entry 0
/opt/conda/lib/python3.11/site-packages/transformers/generation/utils.py:2506: UserWarning: You are calling .generate() with the `input_ids` being on a device type different than your model's device. `input_ids` is on cpu, whereas the model is on cuda. You may experience unexpected behaviors or slower generation. Please make sure that you have put `input_ids` to the correct device by calling for example input_ids = input_ids.to('cuda') before running `.generate()`.
  warnings.warn(
!!!!!!!!!! Running equiv_check
!!!!!!!!!! results/Qwen2.5-Coder-32B-Instruct/default-0.3-True/ArrayList5onedown.java.40
!!!!!!!!!! Running null_check
!!!!!!!!!! Entry 0
!!!!!!!!!! Entry 1
!!!!!!!!!! Entry 2
!!!!!!!!!! Running compile_check
!!!!!!!!!! Entry 0
!!!!!!!!!! Entry 1
!!!!!!!!!! Entry 2
!!!!!!!!!! Running fuzz_check
!!!!!!!!!! Entry 1
!!!!!!!!!! Entry 2
!!!!!!!!!! Running rdtp_check
!!!!!!!!!! Entry 1
/opt/conda/lib/python3.11/site-packages/transformers/generation/utils.py:2506: UserWarning: You are calling .generate() with the `input_ids` being on a device type different than your model's device. `input_ids` is on cpu, whereas the model is on cuda. You may experience unexpected behaviors or slower generation. Please make sure that you have put `input_ids` to the correct device by calling for example input_ids = input_ids.to('cuda') before running `.generate()`.
  warnings.warn(
!!!!!!!!!! Entry 2
!!!!!!!!!! Running equiv_check
!!!!!!!!!! results/Qwen2.5-Coder-32B-Instruct/default-0.3-True/ArrayList6onedown.java.41
!!!!!!!!!! Running null_check
!!!!!!!!!! Entry 0
!!!!!!!!!! Running compile_check
!!!!!!!!!! Entry 0
!!!!!!!!!! Running fuzz_check
!!!!!!!!!! Entry 0
!!!!!!!!!! Running rdtp_check
!!!!!!!!!! Entry 0
/opt/conda/lib/python3.11/site-packages/transformers/generation/utils.py:2506: UserWarning: You are calling .generate() with the `input_ids` being on a device type different than your model's device. `input_ids` is on cpu, whereas the model is on cuda. You may experience unexpected behaviors or slower generation. Please make sure that you have put `input_ids` to the correct device by calling for example input_ids = input_ids.to('cuda') before running `.generate()`.
  warnings.warn(
!!!!!!!!!! Running equiv_check
!!!!!!!!!! Entry 0
!!!!!!!!!! results/Qwen2.5-Coder-32B-Instruct/default-0.3-True/ArrayList7onedown.java.42
!!!!!!!!!! Running null_check
!!!!!!!!!! Entry 0
!!!!!!!!!! Running compile_check
!!!!!!!!!! Entry 0
!!!!!!!!!! Running fuzz_check
!!!!!!!!!! Entry 0
!!!!!!!!!! Running rdtp_check
!!!!!!!!!! Entry 0
/opt/conda/lib/python3.11/site-packages/transformers/generation/utils.py:2506: UserWarning: You are calling .generate() with the `input_ids` being on a device type different than your model's device. `input_ids` is on cpu, whereas the model is on cuda. You may experience unexpected behaviors or slower generation. Please make sure that you have put `input_ids` to the correct device by calling for example input_ids = input_ids.to('cuda') before running `.generate()`.
  warnings.warn(
!!!!!!!!!! Running equiv_check
!!!!!!!!!! Entry 0
!!!!!!!!!! results/Qwen2.5-Coder-32B-Instruct/default-0.3-True/ArrayList8onedown.java.43
!!!!!!!!!! Running null_check
!!!!!!!!!! Entry 0
!!!!!!!!!! Running compile_check
!!!!!!!!!! Entry 0
!!!!!!!!!! Running fuzz_check
!!!!!!!!!! Entry 0
!!!!!!!!!! Running rdtp_check
!!!!!!!!!! Entry 0
/opt/conda/lib/python3.11/site-packages/transformers/generation/utils.py:2506: UserWarning: You are calling .generate() with the `input_ids` being on a device type different than your model's device. `input_ids` is on cpu, whereas the model is on cuda. You may experience unexpected behaviors or slower generation. Please make sure that you have put `input_ids` to the correct device by calling for example input_ids = input_ids.to('cuda') before running `.generate()`.
  warnings.warn(
!!!!!!!!!! Running equiv_check
!!!!!!!!!! Entry 0
!!!!!!!!!! results/Qwen2.5-Coder-32B-Instruct/default-0.3-True/ArrayList9onedown.java.44
!!!!!!!!!! Running null_check
!!!!!!!!!! Entry 0
!!!!!!!!!! Running compile_check
!!!!!!!!!! Entry 0
!!!!!!!!!! Running fuzz_check
!!!!!!!!!! Entry 0
!!!!!!!!!! Running rdtp_check
!!!!!!!!!! Entry 0
/opt/conda/lib/python3.11/site-packages/transformers/generation/utils.py:2506: UserWarning: You are calling .generate() with the `input_ids` being on a device type different than your model's device. `input_ids` is on cpu, whereas the model is on cuda. You may experience unexpected behaviors or slower generation. Please make sure that you have put `input_ids` to the correct device by calling for example input_ids = input_ids.to('cuda') before running `.generate()`.
  warnings.warn(
!!!!!!!!!! Running equiv_check
!!!!!!!!!! results/Qwen2.5-Coder-32B-Instruct/default-0.3-True/ArrayList10onedown.java.45
!!!!!!!!!! Running null_check
!!!!!!!!!! Entry 0
!!!!!!!!!! Entry 1
!!!!!!!!!! Running compile_check
!!!!!!!!!! Entry 0
!!!!!!!!!! Entry 1
!!!!!!!!!! Running fuzz_check
!!!!!!!!!! Entry 0
!!!!!!!!!! Entry 1
!!!!!!!!!! Running rdtp_check
!!!!!!!!!! Entry 0
/opt/conda/lib/python3.11/site-packages/transformers/generation/utils.py:2506: UserWarning: You are calling .generate() with the `input_ids` being on a device type different than your model's device. `input_ids` is on cpu, whereas the model is on cuda. You may experience unexpected behaviors or slower generation. Please make sure that you have put `input_ids` to the correct device by calling for example input_ids = input_ids.to('cuda') before running `.generate()`.
  warnings.warn(
!!!!!!!!!! Entry 1
!!!!!!!!!! Running equiv_check
!!!!!!!!!! results/Qwen2.5-Coder-32B-Instruct/default-0.3-True/ArrayList11onedown.java.46
!!!!!!!!!! Running null_check
!!!!!!!!!! Entry 0
!!!!!!!!!! Running compile_check
!!!!!!!!!! Entry 0
!!!!!!!!!! Running fuzz_check
!!!!!!!!!! Entry 0
!!!!!!!!!! Running rdtp_check
!!!!!!!!!! Entry 0
/opt/conda/lib/python3.11/site-packages/transformers/generation/utils.py:2506: UserWarning: You are calling .generate() with the `input_ids` being on a device type different than your model's device. `input_ids` is on cpu, whereas the model is on cuda. You may experience unexpected behaviors or slower generation. Please make sure that you have put `input_ids` to the correct device by calling for example input_ids = input_ids.to('cuda') before running `.generate()`.
  warnings.warn(
!!!!!!!!!! Running equiv_check
!!!!!!!!!! results/Qwen2.5-Coder-32B-Instruct/default-0.3-True/ArrayList12onedown.java.47
!!!!!!!!!! Running null_check
!!!!!!!!!! Entry 0
!!!!!!!!!! Running compile_check
!!!!!!!!!! Entry 0
!!!!!!!!!! Running fuzz_check
!!!!!!!!!! Entry 0
!!!!!!!!!! Running rdtp_check
!!!!!!!!!! Entry 0
/opt/conda/lib/python3.11/site-packages/transformers/generation/utils.py:2506: UserWarning: You are calling .generate() with the `input_ids` being on a device type different than your model's device. `input_ids` is on cpu, whereas the model is on cuda. You may experience unexpected behaviors or slower generation. Please make sure that you have put `input_ids` to the correct device by calling for example input_ids = input_ids.to('cuda') before running `.generate()`.
  warnings.warn(
!!!!!!!!!! Running equiv_check
!!!!!!!!!! results/Qwen2.5-Coder-32B-Instruct/default-0.3-True/ArrayList13onedown.java.48
!!!!!!!!!! Running null_check
!!!!!!!!!! Entry 0
!!!!!!!!!! Entry 2
!!!!!!!!!! Running compile_check
!!!!!!!!!! Entry 0
!!!!!!!!!! Entry 2
!!!!!!!!!! Running fuzz_check
!!!!!!!!!! Entry 0
!!!!!!!!!! Entry 2
!!!!!!!!!! Running rdtp_check
!!!!!!!!!! Entry 0
/opt/conda/lib/python3.11/site-packages/transformers/generation/utils.py:2506: UserWarning: You are calling .generate() with the `input_ids` being on a device type different than your model's device. `input_ids` is on cpu, whereas the model is on cuda. You may experience unexpected behaviors or slower generation. Please make sure that you have put `input_ids` to the correct device by calling for example input_ids = input_ids.to('cuda') before running `.generate()`.
  warnings.warn(
!!!!!!!!!! Entry 2
!!!!!!!!!! Running equiv_check
!!!!!!!!!! results/Qwen2.5-Coder-32B-Instruct/default-0.3-True/ArrayList14onedown.java.49
!!!!!!!!!! Running null_check
!!!!!!!!!! Entry 0
!!!!!!!!!! Entry 1
!!!!!!!!!! Entry 2
!!!!!!!!!! Running compile_check
!!!!!!!!!! Entry 0
!!!!!!!!!! Entry 1
!!!!!!!!!! Entry 2
!!!!!!!!!! Running fuzz_check
!!!!!!!!!! Entry 0
!!!!!!!!!! Running rdtp_check
!!!!!!!!!! Entry 0
/opt/conda/lib/python3.11/site-packages/transformers/generation/utils.py:2506: UserWarning: You are calling .generate() with the `input_ids` being on a device type different than your model's device. `input_ids` is on cpu, whereas the model is on cuda. You may experience unexpected behaviors or slower generation. Please make sure that you have put `input_ids` to the correct device by calling for example input_ids = input_ids.to('cuda') before running `.generate()`.
  warnings.warn(
!!!!!!!!!! Running equiv_check
!!!!!!!!!! results/Qwen2.5-Coder-32B-Instruct/default-0.3-True/ArrayList15onedown.java.50
!!!!!!!!!! Running null_check
!!!!!!!!!! Entry 0
!!!!!!!!!! Running compile_check
!!!!!!!!!! Entry 0
!!!!!!!!!! Running fuzz_check
!!!!!!!!!! Entry 0
!!!!!!!!!! Running rdtp_check
!!!!!!!!!! Entry 0
/opt/conda/lib/python3.11/site-packages/transformers/generation/utils.py:2506: UserWarning: You are calling .generate() with the `input_ids` being on a device type different than your model's device. `input_ids` is on cpu, whereas the model is on cuda. You may experience unexpected behaviors or slower generation. Please make sure that you have put `input_ids` to the correct device by calling for example input_ids = input_ids.to('cuda') before running `.generate()`.
  warnings.warn(
!!!!!!!!!! Running equiv_check
!!!!!!!!!! results/Qwen2.5-Coder-32B-Instruct/default-0.3-True/ArrayList16onedown.java.51
!!!!!!!!!! Running null_check
!!!!!!!!!! Entry 0
!!!!!!!!!! Running compile_check
!!!!!!!!!! Entry 0
!!!!!!!!!! Running fuzz_check
!!!!!!!!!! Entry 0
!!!!!!!!!! Running rdtp_check
!!!!!!!!!! Entry 0
/opt/conda/lib/python3.11/site-packages/transformers/generation/utils.py:2506: UserWarning: You are calling .generate() with the `input_ids` being on a device type different than your model's device. `input_ids` is on cpu, whereas the model is on cuda. You may experience unexpected behaviors or slower generation. Please make sure that you have put `input_ids` to the correct device by calling for example input_ids = input_ids.to('cuda') before running `.generate()`.
  warnings.warn(
!!!!!!!!!! Running equiv_check
!!!!!!!!!! Entry 0
!!!!!!!!!! results/Qwen2.5-Coder-32B-Instruct/default-0.3-True/ArrayList17onedown.java.52
!!!!!!!!!! Running null_check
!!!!!!!!!! Entry 0
!!!!!!!!!! Running compile_check
!!!!!!!!!! Entry 0
!!!!!!!!!! Running fuzz_check
!!!!!!!!!! Entry 0
!!!!!!!!!! Running rdtp_check
!!!!!!!!!! Running equiv_check
!!!!!!!!!! results/Qwen2.5-Coder-32B-Instruct/default-0.3-True/ArrayList18onedown.java.53
!!!!!!!!!! Running null_check
!!!!!!!!!! Entry 0
!!!!!!!!!! Entry 1
!!!!!!!!!! Running compile_check
!!!!!!!!!! Entry 0
!!!!!!!!!! Entry 1
!!!!!!!!!! Running fuzz_check
!!!!!!!!!! Entry 0
!!!!!!!!!! Entry 1
!!!!!!!!!! Running rdtp_check
!!!!!!!!!! Entry 0
/opt/conda/lib/python3.11/site-packages/transformers/generation/utils.py:2506: UserWarning: You are calling .generate() with the `input_ids` being on a device type different than your model's device. `input_ids` is on cpu, whereas the model is on cuda. You may experience unexpected behaviors or slower generation. Please make sure that you have put `input_ids` to the correct device by calling for example input_ids = input_ids.to('cuda') before running `.generate()`.
  warnings.warn(
!!!!!!!!!! Entry 1
!!!!!!!!!! Running equiv_check
!!!!!!!!!! Entry 0
!!!!!!!!!! results/Qwen2.5-Coder-32B-Instruct/default-0.3-True/ArrayList19onedown.java.54
!!!!!!!!!! Running null_check
!!!!!!!!!! Entry 0
!!!!!!!!!! Entry 1
!!!!!!!!!! Running compile_check
!!!!!!!!!! Entry 0
!!!!!!!!!! Entry 1
!!!!!!!!!! Running fuzz_check
!!!!!!!!!! Entry 0
!!!!!!!!!! Entry 1
!!!!!!!!!! Running rdtp_check
!!!!!!!!!! Entry 0
/opt/conda/lib/python3.11/site-packages/transformers/generation/utils.py:2506: UserWarning: You are calling .generate() with the `input_ids` being on a device type different than your model's device. `input_ids` is on cpu, whereas the model is on cuda. You may experience unexpected behaviors or slower generation. Please make sure that you have put `input_ids` to the correct device by calling for example input_ids = input_ids.to('cuda') before running `.generate()`.
  warnings.warn(
!!!!!!!!!! Entry 1
!!!!!!!!!! Running equiv_check
!!!!!!!!!! Entry 0
!!!!!!!!!! equiv check failure
!!!!!!!!!! Entry 1
!!!!!!!!!! equiv check failure
!!!!!!!!!! results/Qwen2.5-Coder-32B-Instruct/default-0.3-True/ArrayList20onedown.java.55
!!!!!!!!!! Running null_check
!!!!!!!!!! Entry 0
!!!!!!!!!! Running compile_check
!!!!!!!!!! Entry 0
!!!!!!!!!! Running fuzz_check
!!!!!!!!!! Entry 0
!!!!!!!!!! Running rdtp_check
!!!!!!!!!! Entry 0
/opt/conda/lib/python3.11/site-packages/transformers/generation/utils.py:2506: UserWarning: You are calling .generate() with the `input_ids` being on a device type different than your model's device. `input_ids` is on cpu, whereas the model is on cuda. You may experience unexpected behaviors or slower generation. Please make sure that you have put `input_ids` to the correct device by calling for example input_ids = input_ids.to('cuda') before running `.generate()`.
  warnings.warn(
!!!!!!!!!! Running equiv_check
!!!!!!!!!! Entry 0
!!!!!!!!!! equiv check failure
!!!!!!!!!! results/Qwen2.5-Coder-32B-Instruct/default-0.3-True/ArrayList21onedown.java.56
!!!!!!!!!! Running null_check
!!!!!!!!!! Entry 0
!!!!!!!!!! Running compile_check
!!!!!!!!!! Entry 0
!!!!!!!!!! Running fuzz_check
!!!!!!!!!! Entry 0
!!!!!!!!!! Running rdtp_check
!!!!!!!!!! Running equiv_check
!!!!!!!!!! results/Qwen2.5-Coder-32B-Instruct/default-0.3-True/ArrayList22onedown.java.57
!!!!!!!!!! Running null_check
!!!!!!!!!! Entry 0
!!!!!!!!!! Running compile_check
!!!!!!!!!! Entry 0
!!!!!!!!!! Running fuzz_check
!!!!!!!!!! Entry 0
!!!!!!!!!! Running rdtp_check
!!!!!!!!!! Entry 0
/opt/conda/lib/python3.11/site-packages/transformers/generation/utils.py:2506: UserWarning: You are calling .generate() with the `input_ids` being on a device type different than your model's device. `input_ids` is on cpu, whereas the model is on cuda. You may experience unexpected behaviors or slower generation. Please make sure that you have put `input_ids` to the correct device by calling for example input_ids = input_ids.to('cuda') before running `.generate()`.
  warnings.warn(
!!!!!!!!!! Running equiv_check
!!!!!!!!!! Entry 0
!!!!!!!!!! equiv check failure
!!!!!!!!!! results/Qwen2.5-Coder-32B-Instruct/default-0.3-True/ArrayList23onedown.java.58
!!!!!!!!!! Running null_check
!!!!!!!!!! Entry 0
!!!!!!!!!! Running compile_check
!!!!!!!!!! Entry 0
!!!!!!!!!! Running fuzz_check
!!!!!!!!!! Entry 0
!!!!!!!!!! Running rdtp_check
!!!!!!!!!! Entry 0
/opt/conda/lib/python3.11/site-packages/transformers/generation/utils.py:2506: UserWarning: You are calling .generate() with the `input_ids` being on a device type different than your model's device. `input_ids` is on cpu, whereas the model is on cuda. You may experience unexpected behaviors or slower generation. Please make sure that you have put `input_ids` to the correct device by calling for example input_ids = input_ids.to('cuda') before running `.generate()`.
  warnings.warn(
!!!!!!!!!! Running equiv_check
!!!!!!!!!! Entry 0
!!!!!!!!!! equiv check failure
!!!!!!!!!! results/Qwen2.5-Coder-32B-Instruct/default-0.3-True/ArrayList24onedown.java.59
!!!!!!!!!! Running null_check
!!!!!!!!!! Entry 0
!!!!!!!!!! Running compile_check
!!!!!!!!!! Entry 0
!!!!!!!!!! Running fuzz_check
!!!!!!!!!! Entry 0
!!!!!!!!!! Running rdtp_check
!!!!!!!!!! Entry 0
/opt/conda/lib/python3.11/site-packages/transformers/generation/utils.py:2506: UserWarning: You are calling .generate() with the `input_ids` being on a device type different than your model's device. `input_ids` is on cpu, whereas the model is on cuda. You may experience unexpected behaviors or slower generation. Please make sure that you have put `input_ids` to the correct device by calling for example input_ids = input_ids.to('cuda') before running `.generate()`.
  warnings.warn(
!!!!!!!!!! Running equiv_check
!!!!!!!!!! results/Qwen2.5-Coder-32B-Instruct/default-0.3-True/ArrayList25onedown.java.60
!!!!!!!!!! Running null_check
!!!!!!!!!! Entry 0
!!!!!!!!!! Running compile_check
!!!!!!!!!! Entry 0
!!!!!!!!!! Running fuzz_check
!!!!!!!!!! Entry 0
!!!!!!!!!! Running rdtp_check
!!!!!!!!!! Running equiv_check
!!!!!!!!!! results/Qwen2.5-Coder-32B-Instruct/default-0.3-True/ArrayList26onedown.java.61
!!!!!!!!!! Running null_check
!!!!!!!!!! Entry 0
!!!!!!!!!! Running compile_check
!!!!!!!!!! Entry 0
!!!!!!!!!! Running fuzz_check
!!!!!!!!!! Entry 0
!!!!!!!!!! Running rdtp_check
!!!!!!!!!! Entry 0
/opt/conda/lib/python3.11/site-packages/transformers/generation/utils.py:2506: UserWarning: You are calling .generate() with the `input_ids` being on a device type different than your model's device. `input_ids` is on cpu, whereas the model is on cuda. You may experience unexpected behaviors or slower generation. Please make sure that you have put `input_ids` to the correct device by calling for example input_ids = input_ids.to('cuda') before running `.generate()`.
  warnings.warn(
!!!!!!!!!! Running equiv_check
!!!!!!!!!! results/Qwen2.5-Coder-32B-Instruct/default-0.3-True/ArrayList27onedown.java.62
!!!!!!!!!! Running null_check
!!!!!!!!!! Entry 0
!!!!!!!!!! Running compile_check
!!!!!!!!!! Entry 0
!!!!!!!!!! Running fuzz_check
!!!!!!!!!! Entry 0
!!!!!!!!!! Running rdtp_check
!!!!!!!!!! Entry 0
/opt/conda/lib/python3.11/site-packages/transformers/generation/utils.py:2506: UserWarning: You are calling .generate() with the `input_ids` being on a device type different than your model's device. `input_ids` is on cpu, whereas the model is on cuda. You may experience unexpected behaviors or slower generation. Please make sure that you have put `input_ids` to the correct device by calling for example input_ids = input_ids.to('cuda') before running `.generate()`.
  warnings.warn(
!!!!!!!!!! Running equiv_check
!!!!!!!!!! results/Qwen2.5-Coder-32B-Instruct/default-0.3-True/ArrayList28onedown.java.63
!!!!!!!!!! Running null_check
!!!!!!!!!! Entry 0
!!!!!!!!!! Running compile_check
!!!!!!!!!! Entry 0
!!!!!!!!!! Running fuzz_check
!!!!!!!!!! Entry 0
!!!!!!!!!! Running rdtp_check
!!!!!!!!!! Entry 0
/opt/conda/lib/python3.11/site-packages/transformers/generation/utils.py:2506: UserWarning: You are calling .generate() with the `input_ids` being on a device type different than your model's device. `input_ids` is on cpu, whereas the model is on cuda. You may experience unexpected behaviors or slower generation. Please make sure that you have put `input_ids` to the correct device by calling for example input_ids = input_ids.to('cuda') before running `.generate()`.
  warnings.warn(
!!!!!!!!!! Running equiv_check
!!!!!!!!!! Entry 0
!!!!!!!!!! results/Qwen2.5-Coder-32B-Instruct/default-0.3-True/ArrayList29onedown.java.64
!!!!!!!!!! Running null_check
!!!!!!!!!! Entry 0
!!!!!!!!!! Running compile_check
!!!!!!!!!! Entry 0
!!!!!!!!!! Running fuzz_check
!!!!!!!!!! Entry 0
!!!!!!!!!! Running rdtp_check
!!!!!!!!!! Entry 0
/opt/conda/lib/python3.11/site-packages/transformers/generation/utils.py:2506: UserWarning: You are calling .generate() with the `input_ids` being on a device type different than your model's device. `input_ids` is on cpu, whereas the model is on cuda. You may experience unexpected behaviors or slower generation. Please make sure that you have put `input_ids` to the correct device by calling for example input_ids = input_ids.to('cuda') before running `.generate()`.
  warnings.warn(
!!!!!!!!!! Running equiv_check
!!!!!!!!!! Entry 0
!!!!!!!!!! results/Qwen2.5-Coder-32B-Instruct/default-0.3-True/ArrayList30onedown.java.65
!!!!!!!!!! Running null_check
!!!!!!!!!! Entry 0
!!!!!!!!!! Running compile_check
!!!!!!!!!! Entry 0
!!!!!!!!!! Running fuzz_check
!!!!!!!!!! Entry 0
!!!!!!!!!! Running rdtp_check
!!!!!!!!!! Entry 0
/opt/conda/lib/python3.11/site-packages/transformers/generation/utils.py:2506: UserWarning: You are calling .generate() with the `input_ids` being on a device type different than your model's device. `input_ids` is on cpu, whereas the model is on cuda. You may experience unexpected behaviors or slower generation. Please make sure that you have put `input_ids` to the correct device by calling for example input_ids = input_ids.to('cuda') before running `.generate()`.
  warnings.warn(
!!!!!!!!!! Running equiv_check
!!!!!!!!!! results/Qwen2.5-Coder-32B-Instruct/default-0.3-True/ArrayList31onedown.java.66
!!!!!!!!!! Running null_check
!!!!!!!!!! Entry 0
!!!!!!!!!! Entry 1
!!!!!!!!!! Entry 2
!!!!!!!!!! Running compile_check
!!!!!!!!!! Entry 0
!!!!!!!!!! Entry 1
!!!!!!!!!! Entry 2
!!!!!!!!!! Running fuzz_check
!!!!!!!!!! Entry 0
!!!!!!!!!! Entry 1
!!!!!!!!!! Entry 2
!!!!!!!!!! Running rdtp_check
!!!!!!!!!! Entry 0
/opt/conda/lib/python3.11/site-packages/transformers/generation/utils.py:2506: UserWarning: You are calling .generate() with the `input_ids` being on a device type different than your model's device. `input_ids` is on cpu, whereas the model is on cuda. You may experience unexpected behaviors or slower generation. Please make sure that you have put `input_ids` to the correct device by calling for example input_ids = input_ids.to('cuda') before running `.generate()`.
  warnings.warn(
!!!!!!!!!! Entry 1
!!!!!!!!!! Entry 2
!!!!!!!!!! Running equiv_check
!!!!!!!!!! Entry 0
!!!!!!!!!! results/Qwen2.5-Coder-32B-Instruct/default-0.3-True/ArrayList32onedown.java.67
!!!!!!!!!! Running null_check
!!!!!!!!!! Entry 0
!!!!!!!!!! Running compile_check
!!!!!!!!!! Entry 0
!!!!!!!!!! Running fuzz_check
!!!!!!!!!! Entry 0
!!!!!!!!!! Running rdtp_check
!!!!!!!!!! Entry 0
/opt/conda/lib/python3.11/site-packages/transformers/generation/utils.py:2506: UserWarning: You are calling .generate() with the `input_ids` being on a device type different than your model's device. `input_ids` is on cpu, whereas the model is on cuda. You may experience unexpected behaviors or slower generation. Please make sure that you have put `input_ids` to the correct device by calling for example input_ids = input_ids.to('cuda') before running `.generate()`.
  warnings.warn(
!!!!!!!!!! Running equiv_check
!!!!!!!!!! results/Qwen2.5-Coder-32B-Instruct/default-0.3-True/ArrayList33onedown.java.68
!!!!!!!!!! Running null_check
!!!!!!!!!! Entry 0
!!!!!!!!!! Entry 1
!!!!!!!!!! Running compile_check
!!!!!!!!!! Entry 0
!!!!!!!!!! Entry 1
!!!!!!!!!! Running fuzz_check
!!!!!!!!!! Entry 0
!!!!!!!!!! Entry 1
!!!!!!!!!! Running rdtp_check
!!!!!!!!!! Entry 0
/opt/conda/lib/python3.11/site-packages/transformers/generation/utils.py:2506: UserWarning: You are calling .generate() with the `input_ids` being on a device type different than your model's device. `input_ids` is on cpu, whereas the model is on cuda. You may experience unexpected behaviors or slower generation. Please make sure that you have put `input_ids` to the correct device by calling for example input_ids = input_ids.to('cuda') before running `.generate()`.
  warnings.warn(
!!!!!!!!!! Entry 1
!!!!!!!!!! Running equiv_check
!!!!!!!!!! results/Qwen2.5-Coder-32B-Instruct/default-0.3-True/ArrayList34onedown.java.69
!!!!!!!!!! Running null_check
!!!!!!!!!! Entry 0
!!!!!!!!!! Running compile_check
!!!!!!!!!! Entry 0
!!!!!!!!!! Running fuzz_check
!!!!!!!!!! Entry 0
!!!!!!!!!! Running rdtp_check
!!!!!!!!!! Entry 0
/opt/conda/lib/python3.11/site-packages/transformers/generation/utils.py:2506: UserWarning: You are calling .generate() with the `input_ids` being on a device type different than your model's device. `input_ids` is on cpu, whereas the model is on cuda. You may experience unexpected behaviors or slower generation. Please make sure that you have put `input_ids` to the correct device by calling for example input_ids = input_ids.to('cuda') before running `.generate()`.
  warnings.warn(
!!!!!!!!!! Running equiv_check
!!!!!!!!!! results/Qwen2.5-Coder-32B-Instruct/default-0.3-True/ArrayList35onedown.java.70
!!!!!!!!!! Running null_check
!!!!!!!!!! Entry 0
!!!!!!!!!! Running compile_check
!!!!!!!!!! Entry 0
!!!!!!!!!! Running fuzz_check
!!!!!!!!!! Entry 0
!!!!!!!!!! Running rdtp_check
!!!!!!!!!! Entry 0
/opt/conda/lib/python3.11/site-packages/transformers/generation/utils.py:2506: UserWarning: You are calling .generate() with the `input_ids` being on a device type different than your model's device. `input_ids` is on cpu, whereas the model is on cuda. You may experience unexpected behaviors or slower generation. Please make sure that you have put `input_ids` to the correct device by calling for example input_ids = input_ids.to('cuda') before running `.generate()`.
  warnings.warn(
!!!!!!!!!! Running equiv_check
!!!!!!!!!! results/Qwen2.5-Coder-32B-Instruct/default-0.3-True/ArrayList36onedown.java.71
!!!!!!!!!! Running null_check
!!!!!!!!!! Entry 0
!!!!!!!!!! Running compile_check
!!!!!!!!!! Entry 0
!!!!!!!!!! Running fuzz_check
!!!!!!!!!! Entry 0
!!!!!!!!!! Running rdtp_check
!!!!!!!!!! Entry 0
/opt/conda/lib/python3.11/site-packages/transformers/generation/utils.py:2506: UserWarning: You are calling .generate() with the `input_ids` being on a device type different than your model's device. `input_ids` is on cpu, whereas the model is on cuda. You may experience unexpected behaviors or slower generation. Please make sure that you have put `input_ids` to the correct device by calling for example input_ids = input_ids.to('cuda') before running `.generate()`.
  warnings.warn(
!!!!!!!!!! Running equiv_check
!!!!!!!!!! Entry 0
!!!!!!!!!! results/Qwen2.5-Coder-32B-Instruct/default-0.3-True/ArrayList37onedown.java.72
!!!!!!!!!! Running null_check
!!!!!!!!!! Entry 0
!!!!!!!!!! Running compile_check
!!!!!!!!!! Entry 0
!!!!!!!!!! Running fuzz_check
!!!!!!!!!! Entry 0
!!!!!!!!!! Running rdtp_check
!!!!!!!!!! Running equiv_check
!!!!!!!!!! results/Qwen2.5-Coder-32B-Instruct/default-0.3-True/ArrayList38onedown.java.73
!!!!!!!!!! Running null_check
!!!!!!!!!! Entry 0
!!!!!!!!!! Running compile_check
!!!!!!!!!! Entry 0
!!!!!!!!!! Running fuzz_check
!!!!!!!!!! Entry 0
!!!!!!!!!! Running rdtp_check
!!!!!!!!!! Entry 0
/opt/conda/lib/python3.11/site-packages/transformers/generation/utils.py:2506: UserWarning: You are calling .generate() with the `input_ids` being on a device type different than your model's device. `input_ids` is on cpu, whereas the model is on cuda. You may experience unexpected behaviors or slower generation. Please make sure that you have put `input_ids` to the correct device by calling for example input_ids = input_ids.to('cuda') before running `.generate()`.
  warnings.warn(
!!!!!!!!!! Running equiv_check
!!!!!!!!!! Entry 0
!!!!!!!!!! results/Qwen2.5-Coder-32B-Instruct/default-0.3-True/ArrayList39onedown.java.74
!!!!!!!!!! Running null_check
!!!!!!!!!! Entry 0
!!!!!!!!!! Entry 1
!!!!!!!!!! Running compile_check
!!!!!!!!!! Entry 0
!!!!!!!!!! Entry 1
!!!!!!!!!! Running fuzz_check
!!!!!!!!!! Running rdtp_check
!!!!!!!!!! Running equiv_check
!!!!!!!!!! results/Qwen2.5-Coder-32B-Instruct/default-0.3-True/ArrayList40onedown.java.75
!!!!!!!!!! Running null_check
!!!!!!!!!! Entry 0
!!!!!!!!!! Running compile_check
!!!!!!!!!! Entry 0
!!!!!!!!!! Running fuzz_check
!!!!!!!!!! Running rdtp_check
!!!!!!!!!! Running equiv_check
!!!!!!!!!! results/Qwen2.5-Coder-32B-Instruct/default-0.3-True/ArrayStack1onedown.java.76
!!!!!!!!!! Running null_check
!!!!!!!!!! Entry 0
!!!!!!!!!! Entry 1
!!!!!!!!!! Running compile_check
!!!!!!!!!! Entry 0
!!!!!!!!!! Entry 1
!!!!!!!!!! Running fuzz_check
!!!!!!!!!! Running rdtp_check
!!!!!!!!!! Running equiv_check
!!!!!!!!!! results/Qwen2.5-Coder-32B-Instruct/default-0.3-True/ArrayStack2onedown.java.77
!!!!!!!!!! Running null_check
!!!!!!!!!! Entry 0
!!!!!!!!!! Running compile_check
!!!!!!!!!! Entry 0
!!!!!!!!!! Running fuzz_check
!!!!!!!!!! Running rdtp_check
!!!!!!!!!! Running equiv_check
!!!!!!!!!! results/Qwen2.5-Coder-32B-Instruct/default-0.3-True/ArrayStack3onedown.java.78
!!!!!!!!!! Running null_check
!!!!!!!!!! Entry 0
!!!!!!!!!! Running compile_check
!!!!!!!!!! Entry 0
!!!!!!!!!! Running fuzz_check
!!!!!!!!!! Entry 0
!!!!!!!!!! Running rdtp_check
!!!!!!!!!! Running equiv_check
!!!!!!!!!! results/Qwen2.5-Coder-32B-Instruct/default-0.3-True/ArrayStack4onedown.java.79
!!!!!!!!!! Running null_check
!!!!!!!!!! Entry 0
!!!!!!!!!! Running compile_check
!!!!!!!!!! Entry 0
!!!!!!!!!! Running fuzz_check
!!!!!!!!!! Entry 0
!!!!!!!!!! Running rdtp_check
!!!!!!!!!! Entry 0
/opt/conda/lib/python3.11/site-packages/transformers/generation/utils.py:2506: UserWarning: You are calling .generate() with the `input_ids` being on a device type different than your model's device. `input_ids` is on cpu, whereas the model is on cuda. You may experience unexpected behaviors or slower generation. Please make sure that you have put `input_ids` to the correct device by calling for example input_ids = input_ids.to('cuda') before running `.generate()`.
  warnings.warn(
!!!!!!!!!! Running equiv_check
!!!!!!!!!! results/Qwen2.5-Coder-32B-Instruct/default-0.3-True/ArrayStack5onedown.java.80
!!!!!!!!!! Running null_check
!!!!!!!!!! Entry 0
!!!!!!!!!! Running compile_check
!!!!!!!!!! Entry 0
!!!!!!!!!! Running fuzz_check
!!!!!!!!!! Entry 0
!!!!!!!!!! Running rdtp_check
!!!!!!!!!! Entry 0
/opt/conda/lib/python3.11/site-packages/transformers/generation/utils.py:2506: UserWarning: You are calling .generate() with the `input_ids` being on a device type different than your model's device. `input_ids` is on cpu, whereas the model is on cuda. You may experience unexpected behaviors or slower generation. Please make sure that you have put `input_ids` to the correct device by calling for example input_ids = input_ids.to('cuda') before running `.generate()`.
  warnings.warn(
!!!!!!!!!! Running equiv_check
!!!!!!!!!! Entry 0
!!!!!!!!!! results/Qwen2.5-Coder-32B-Instruct/default-0.3-True/ArrayStack6onedown.java.81
!!!!!!!!!! Running null_check
!!!!!!!!!! Entry 0
!!!!!!!!!! Running compile_check
!!!!!!!!!! Entry 0
!!!!!!!!!! Running fuzz_check
!!!!!!!!!! Running rdtp_check
!!!!!!!!!! Running equiv_check
!!!!!!!!!! results/Qwen2.5-Coder-32B-Instruct/default-0.3-True/ArrayStack7onedown.java.82
!!!!!!!!!! Running null_check
!!!!!!!!!! Entry 0
!!!!!!!!!! Entry 1
!!!!!!!!!! Entry 2
!!!!!!!!!! Running compile_check
!!!!!!!!!! Entry 0
!!!!!!!!!! Entry 1
!!!!!!!!!! Entry 2
!!!!!!!!!! Running fuzz_check
!!!!!!!!!! Running rdtp_check
!!!!!!!!!! Running equiv_check
!!!!!!!!!! results/Qwen2.5-Coder-32B-Instruct/default-0.3-True/AttributeList1onedown.java.83
!!!!!!!!!! Running null_check
!!!!!!!!!! Entry 0
!!!!!!!!!! Running compile_check
!!!!!!!!!! Entry 0
!!!!!!!!!! Running fuzz_check
!!!!!!!!!! Running rdtp_check
!!!!!!!!!! Running equiv_check
!!!!!!!!!! results/Qwen2.5-Coder-32B-Instruct/default-0.3-True/AttributeList2onedown.java.84
!!!!!!!!!! Running null_check
!!!!!!!!!! Entry 0
!!!!!!!!!! Running compile_check
!!!!!!!!!! Entry 0
!!!!!!!!!! Running fuzz_check
!!!!!!!!!! Running rdtp_check
!!!!!!!!!! Running equiv_check
!!!!!!!!!! results/Qwen2.5-Coder-32B-Instruct/default-0.3-True/AttributeList3onedown.java.85
!!!!!!!!!! Running null_check
!!!!!!!!!! Entry 0
!!!!!!!!!! Running compile_check
!!!!!!!!!! Entry 0
!!!!!!!!!! Running fuzz_check
!!!!!!!!!! Running rdtp_check
!!!!!!!!!! Running equiv_check
!!!!!!!!!! results/Qwen2.5-Coder-32B-Instruct/default-0.3-True/AttributeList4onedown.java.86
!!!!!!!!!! Running null_check
!!!!!!!!!! Entry 0
!!!!!!!!!! Entry 1
!!!!!!!!!! Running compile_check
!!!!!!!!!! Entry 0
!!!!!!!!!! Entry 1
!!!!!!!!!! Running fuzz_check
!!!!!!!!!! Running rdtp_check
!!!!!!!!!! Running equiv_check
!!!!!!!!!! results/Qwen2.5-Coder-32B-Instruct/default-0.3-True/AttributeList5onedown.java.87
!!!!!!!!!! Running null_check
!!!!!!!!!! Entry 0
!!!!!!!!!! Entry 1
!!!!!!!!!! Running compile_check
!!!!!!!!!! Entry 0
!!!!!!!!!! Entry 1
!!!!!!!!!! Running fuzz_check
!!!!!!!!!! Running rdtp_check
!!!!!!!!!! Running equiv_check
!!!!!!!!!! results/Qwen2.5-Coder-32B-Instruct/default-0.3-True/AttributeList6onedown.java.88
!!!!!!!!!! Running null_check
!!!!!!!!!! Entry 0
!!!!!!!!!! Running compile_check
!!!!!!!!!! Entry 0
!!!!!!!!!! Running fuzz_check
!!!!!!!!!! Running rdtp_check
!!!!!!!!!! Running equiv_check
!!!!!!!!!! results/Qwen2.5-Coder-32B-Instruct/default-0.3-True/AttributeList7onedown.java.89
!!!!!!!!!! Running null_check
!!!!!!!!!! Entry 0
!!!!!!!!!! Running compile_check
!!!!!!!!!! Entry 0
!!!!!!!!!! Running fuzz_check
!!!!!!!!!! Running rdtp_check
!!!!!!!!!! Running equiv_check
!!!!!!!!!! results/Qwen2.5-Coder-32B-Instruct/default-0.3-True/AttributeList8onedown.java.90
!!!!!!!!!! Running null_check
!!!!!!!!!! Entry 0
!!!!!!!!!! Running compile_check
!!!!!!!!!! Entry 0
!!!!!!!!!! Running fuzz_check
!!!!!!!!!! Running rdtp_check
!!!!!!!!!! Running equiv_check
!!!!!!!!!! results/Qwen2.5-Coder-32B-Instruct/default-0.3-True/AttributeList9onedown.java.91
!!!!!!!!!! Running null_check
!!!!!!!!!! Entry 0
!!!!!!!!!! Entry 1
!!!!!!!!!! Running compile_check
!!!!!!!!!! Entry 0
!!!!!!!!!! Entry 1
!!!!!!!!!! Running fuzz_check
!!!!!!!!!! Running rdtp_check
!!!!!!!!!! Running equiv_check
!!!!!!!!!! results/Qwen2.5-Coder-32B-Instruct/default-0.3-True/AttributeList10onedown.java.92
!!!!!!!!!! Running null_check
!!!!!!!!!! Entry 0
!!!!!!!!!! Running compile_check
!!!!!!!!!! Entry 0
!!!!!!!!!! Running fuzz_check
!!!!!!!!!! Running rdtp_check
!!!!!!!!!! Running equiv_check
!!!!!!!!!! results/Qwen2.5-Coder-32B-Instruct/default-0.3-True/AttributeList11onedown.java.93
!!!!!!!!!! Running null_check
!!!!!!!!!! Entry 0
!!!!!!!!!! Running compile_check
!!!!!!!!!! Entry 0
!!!!!!!!!! Running fuzz_check
!!!!!!!!!! Running rdtp_check
!!!!!!!!!! Running equiv_check
!!!!!!!!!! results/Qwen2.5-Coder-32B-Instruct/default-0.3-True/AttributeList12onedown.java.94
!!!!!!!!!! Running null_check
!!!!!!!!!! Entry 0
!!!!!!!!!! Running compile_check
!!!!!!!!!! Entry 0
!!!!!!!!!! Running fuzz_check
!!!!!!!!!! Running rdtp_check
!!!!!!!!!! Running equiv_check
!!!!!!!!!! results/Qwen2.5-Coder-32B-Instruct/default-0.3-True/AttributeList13onedown.java.95
!!!!!!!!!! Running null_check
!!!!!!!!!! Entry 0
!!!!!!!!!! Running compile_check
!!!!!!!!!! Entry 0
!!!!!!!!!! Running fuzz_check
!!!!!!!!!! Running rdtp_check
!!!!!!!!!! Running equiv_check
!!!!!!!!!! results/Qwen2.5-Coder-32B-Instruct/default-0.3-True/AttributeList14onedown.java.96
!!!!!!!!!! Running null_check
!!!!!!!!!! Entry 0
!!!!!!!!!! Entry 1
!!!!!!!!!! Running compile_check
!!!!!!!!!! Entry 0
!!!!!!!!!! Entry 1
!!!!!!!!!! Running fuzz_check
!!!!!!!!!! Running rdtp_check
!!!!!!!!!! Running equiv_check
!!!!!!!!!! results/Qwen2.5-Coder-32B-Instruct/default-0.3-True/AttributeList15onedown.java.97
!!!!!!!!!! Running null_check
!!!!!!!!!! Entry 0
!!!!!!!!!! Running compile_check
!!!!!!!!!! Entry 0
!!!!!!!!!! Running fuzz_check
!!!!!!!!!! Running rdtp_check
!!!!!!!!!! Running equiv_check
!!!!!!!!!! results/Qwen2.5-Coder-32B-Instruct/default-0.3-True/AttributeList16onedown.java.98
!!!!!!!!!! Running null_check
!!!!!!!!!! Entry 0
!!!!!!!!!! Running compile_check
!!!!!!!!!! Entry 0
!!!!!!!!!! Running fuzz_check
!!!!!!!!!! Running rdtp_check
!!!!!!!!!! Running equiv_check
!!!!!!!!!! results/Qwen2.5-Coder-32B-Instruct/default-0.3-True/BitSet1onedown.java.99
!!!!!!!!!! Running null_check
!!!!!!!!!! Entry 0
!!!!!!!!!! Running compile_check
!!!!!!!!!! Entry 0
!!!!!!!!!! Running fuzz_check
!!!!!!!!!! Running rdtp_check
!!!!!!!!!! Running equiv_check
!!!!!!!!!! results/Qwen2.5-Coder-32B-Instruct/default-0.3-True/BitSet2onedown.java.100
!!!!!!!!!! Running null_check
!!!!!!!!!! Entry 0
!!!!!!!!!! Running compile_check
!!!!!!!!!! Entry 0
!!!!!!!!!! Running fuzz_check
!!!!!!!!!! Running rdtp_check
!!!!!!!!!! Running equiv_check
!!!!!!!!!! results/Qwen2.5-Coder-32B-Instruct/default-0.3-True/BitSet3onedown.java.101
!!!!!!!!!! Running null_check
!!!!!!!!!! Entry 0
!!!!!!!!!! Running compile_check
!!!!!!!!!! Entry 0
!!!!!!!!!! Running fuzz_check
!!!!!!!!!! Running rdtp_check
!!!!!!!!!! Running equiv_check
!!!!!!!!!! results/Qwen2.5-Coder-32B-Instruct/default-0.3-True/BitSet4onedown.java.102
!!!!!!!!!! Running null_check
!!!!!!!!!! Entry 0
!!!!!!!!!! Entry 1
!!!!!!!!!! Running compile_check
!!!!!!!!!! Entry 0
!!!!!!!!!! Entry 1
!!!!!!!!!! Running fuzz_check
!!!!!!!!!! Running rdtp_check
!!!!!!!!!! Running equiv_check
!!!!!!!!!! results/Qwen2.5-Coder-32B-Instruct/default-0.3-True/BitSet5onedown.java.103
!!!!!!!!!! Running null_check
!!!!!!!!!! Entry 0
!!!!!!!!!! Running compile_check
!!!!!!!!!! Entry 0
!!!!!!!!!! Running fuzz_check
!!!!!!!!!! Running rdtp_check
!!!!!!!!!! Running equiv_check
!!!!!!!!!! results/Qwen2.5-Coder-32B-Instruct/default-0.3-True/BitSet6onedown.java.104
!!!!!!!!!! Running null_check
!!!!!!!!!! Entry 0
!!!!!!!!!! Running compile_check
!!!!!!!!!! Entry 0
!!!!!!!!!! Running fuzz_check
!!!!!!!!!! Running rdtp_check
!!!!!!!!!! Running equiv_check
!!!!!!!!!! results/Qwen2.5-Coder-32B-Instruct/default-0.3-True/BitSet7onedown.java.105
!!!!!!!!!! Running null_check
!!!!!!!!!! Entry 0
!!!!!!!!!! Running compile_check
!!!!!!!!!! Entry 0
!!!!!!!!!! Running fuzz_check
!!!!!!!!!! Running rdtp_check
!!!!!!!!!! Running equiv_check
!!!!!!!!!! results/Qwen2.5-Coder-32B-Instruct/default-0.3-True/BitSet8onedown.java.106
!!!!!!!!!! Running null_check
!!!!!!!!!! Entry 0
!!!!!!!!!! Running compile_check
!!!!!!!!!! Entry 0
!!!!!!!!!! Running fuzz_check
!!!!!!!!!! Running rdtp_check
!!!!!!!!!! Running equiv_check
!!!!!!!!!! results/Qwen2.5-Coder-32B-Instruct/default-0.3-True/BitSet9onedown.java.107
!!!!!!!!!! Running null_check
!!!!!!!!!! Entry 0
!!!!!!!!!! Running compile_check
!!!!!!!!!! Entry 0
!!!!!!!!!! Running fuzz_check
!!!!!!!!!! Running rdtp_check
!!!!!!!!!! Running equiv_check
!!!!!!!!!! results/Qwen2.5-Coder-32B-Instruct/default-0.3-True/BitSet10onedown.java.108
!!!!!!!!!! Running null_check
!!!!!!!!!! Entry 0
!!!!!!!!!! Running compile_check
!!!!!!!!!! Entry 0
!!!!!!!!!! Running fuzz_check
!!!!!!!!!! Running rdtp_check
!!!!!!!!!! Running equiv_check
!!!!!!!!!! results/Qwen2.5-Coder-32B-Instruct/default-0.3-True/BitSet11onedown.java.109
!!!!!!!!!! Running null_check
!!!!!!!!!! Entry 0
!!!!!!!!!! Running compile_check
!!!!!!!!!! Entry 0
!!!!!!!!!! Running fuzz_check
!!!!!!!!!! Running rdtp_check
!!!!!!!!!! Running equiv_check
!!!!!!!!!! results/Qwen2.5-Coder-32B-Instruct/default-0.3-True/BitSet12onedown.java.110
!!!!!!!!!! Running null_check
!!!!!!!!!! Entry 0
!!!!!!!!!! Entry 1
!!!!!!!!!! Running compile_check
!!!!!!!!!! Entry 0
!!!!!!!!!! Entry 1
!!!!!!!!!! Running fuzz_check
!!!!!!!!!! Running rdtp_check
!!!!!!!!!! Running equiv_check
!!!!!!!!!! results/Qwen2.5-Coder-32B-Instruct/default-0.3-True/BitSet13onedown.java.111
!!!!!!!!!! Running null_check
!!!!!!!!!! Entry 0
!!!!!!!!!! Running compile_check
!!!!!!!!!! Entry 0
!!!!!!!!!! Running fuzz_check
!!!!!!!!!! Running rdtp_check
!!!!!!!!!! Running equiv_check
!!!!!!!!!! results/Qwen2.5-Coder-32B-Instruct/default-0.3-True/BitSet14onedown.java.112
!!!!!!!!!! Running null_check
!!!!!!!!!! Entry 0
!!!!!!!!!! Running compile_check
!!!!!!!!!! Entry 0
!!!!!!!!!! Running fuzz_check
!!!!!!!!!! Running rdtp_check
!!!!!!!!!! Running equiv_check
!!!!!!!!!! results/Qwen2.5-Coder-32B-Instruct/default-0.3-True/BitSet15onedown.java.113
!!!!!!!!!! Running null_check
!!!!!!!!!! Entry 0
!!!!!!!!!! Running compile_check
!!!!!!!!!! Entry 0
!!!!!!!!!! Running fuzz_check
!!!!!!!!!! Running rdtp_check
!!!!!!!!!! Running equiv_check
!!!!!!!!!! results/Qwen2.5-Coder-32B-Instruct/default-0.3-True/BitSet16onedown.java.114
!!!!!!!!!! Running null_check
!!!!!!!!!! Entry 0
!!!!!!!!!! Running compile_check
!!!!!!!!!! Entry 0
!!!!!!!!!! Running fuzz_check
!!!!!!!!!! Running rdtp_check
!!!!!!!!!! Running equiv_check
!!!!!!!!!! results/Qwen2.5-Coder-32B-Instruct/default-0.3-True/BitSet17onedown.java.115
!!!!!!!!!! Running null_check
!!!!!!!!!! Entry 0
!!!!!!!!!! Running compile_check
!!!!!!!!!! Entry 0
!!!!!!!!!! Running fuzz_check
!!!!!!!!!! Running rdtp_check
!!!!!!!!!! Running equiv_check
!!!!!!!!!! results/Qwen2.5-Coder-32B-Instruct/default-0.3-True/BitSet18onedown.java.116
!!!!!!!!!! Running null_check
!!!!!!!!!! Entry 0
!!!!!!!!!! Entry 1
!!!!!!!!!! Running compile_check
!!!!!!!!!! Entry 0
!!!!!!!!!! Entry 1
!!!!!!!!!! Running fuzz_check
!!!!!!!!!! Running rdtp_check
!!!!!!!!!! Running equiv_check
!!!!!!!!!! results/Qwen2.5-Coder-32B-Instruct/default-0.3-True/BitSet19onedown.java.117
!!!!!!!!!! Running null_check
!!!!!!!!!! Entry 0
!!!!!!!!!! Running compile_check
!!!!!!!!!! Entry 0
!!!!!!!!!! Running fuzz_check
!!!!!!!!!! Running rdtp_check
!!!!!!!!!! Running equiv_check
!!!!!!!!!! results/Qwen2.5-Coder-32B-Instruct/default-0.3-True/BitSet20onedown.java.118
!!!!!!!!!! Running null_check
!!!!!!!!!! Entry 0
!!!!!!!!!! Running compile_check
!!!!!!!!!! Entry 0
!!!!!!!!!! Running fuzz_check
!!!!!!!!!! Running rdtp_check
!!!!!!!!!! Running equiv_check
!!!!!!!!!! results/Qwen2.5-Coder-32B-Instruct/default-0.3-True/BitSet21onedown.java.119
!!!!!!!!!! Running null_check
!!!!!!!!!! Entry 0
!!!!!!!!!! Running compile_check
!!!!!!!!!! Entry 0
!!!!!!!!!! Running fuzz_check
!!!!!!!!!! Running rdtp_check
!!!!!!!!!! Running equiv_check
!!!!!!!!!! results/Qwen2.5-Coder-32B-Instruct/default-0.3-True/BitSet22onedown.java.120
!!!!!!!!!! Running null_check
!!!!!!!!!! Entry 0
!!!!!!!!!! Entry 1
!!!!!!!!!! Running compile_check
!!!!!!!!!! Entry 0
!!!!!!!!!! Entry 1
!!!!!!!!!! Running fuzz_check
!!!!!!!!!! Running rdtp_check
!!!!!!!!!! Running equiv_check
!!!!!!!!!! results/Qwen2.5-Coder-32B-Instruct/default-0.3-True/BitSet23onedown.java.121
!!!!!!!!!! Running null_check
!!!!!!!!!! Entry 0
!!!!!!!!!! Running compile_check
!!!!!!!!!! Entry 0
!!!!!!!!!! Running fuzz_check
!!!!!!!!!! Running rdtp_check
!!!!!!!!!! Running equiv_check
!!!!!!!!!! results/Qwen2.5-Coder-32B-Instruct/default-0.3-True/BitSet24onedown.java.122
!!!!!!!!!! Running null_check
!!!!!!!!!! Entry 0
!!!!!!!!!! Running compile_check
!!!!!!!!!! Entry 0
!!!!!!!!!! Running fuzz_check
!!!!!!!!!! Running rdtp_check
!!!!!!!!!! Running equiv_check
!!!!!!!!!! results/Qwen2.5-Coder-32B-Instruct/default-0.3-True/BitSet25onedown.java.123
!!!!!!!!!! Running null_check
!!!!!!!!!! Entry 0
!!!!!!!!!! Running compile_check
!!!!!!!!!! Entry 0
!!!!!!!!!! Running fuzz_check
!!!!!!!!!! Running rdtp_check
!!!!!!!!!! Running equiv_check
!!!!!!!!!! results/Qwen2.5-Coder-32B-Instruct/default-0.3-True/BitSet26onedown.java.124
!!!!!!!!!! Running null_check
!!!!!!!!!! Entry 0
!!!!!!!!!! Running compile_check
!!!!!!!!!! Entry 0
!!!!!!!!!! Running fuzz_check
!!!!!!!!!! Running rdtp_check
!!!!!!!!!! Running equiv_check
!!!!!!!!!! results/Qwen2.5-Coder-32B-Instruct/default-0.3-True/BitSet27onedown.java.125
!!!!!!!!!! Running null_check
!!!!!!!!!! Entry 0
!!!!!!!!!! Running compile_check
!!!!!!!!!! Entry 0
!!!!!!!!!! Running fuzz_check
!!!!!!!!!! Running rdtp_check
!!!!!!!!!! Running equiv_check
!!!!!!!!!! results/Qwen2.5-Coder-32B-Instruct/default-0.3-True/BitSet28onedown.java.126
!!!!!!!!!! Running null_check
!!!!!!!!!! Entry 0
!!!!!!!!!! Entry 1
!!!!!!!!!! Running compile_check
!!!!!!!!!! Entry 0
!!!!!!!!!! Entry 1
!!!!!!!!!! Running fuzz_check
!!!!!!!!!! Running rdtp_check
!!!!!!!!!! Running equiv_check
!!!!!!!!!! results/Qwen2.5-Coder-32B-Instruct/default-0.3-True/BitSet29onedown.java.127
!!!!!!!!!! Running null_check
!!!!!!!!!! Entry 0
!!!!!!!!!! Entry 2
!!!!!!!!!! Running compile_check
!!!!!!!!!! Entry 0
!!!!!!!!!! Entry 2
!!!!!!!!!! Running fuzz_check
!!!!!!!!!! Running rdtp_check
!!!!!!!!!! Running equiv_check
!!!!!!!!!! results/Qwen2.5-Coder-32B-Instruct/default-0.3-True/BitSet30onedown.java.128
!!!!!!!!!! Running null_check
!!!!!!!!!! Entry 0
!!!!!!!!!! Running compile_check
!!!!!!!!!! Entry 0
!!!!!!!!!! Running fuzz_check
!!!!!!!!!! Running rdtp_check
!!!!!!!!!! Running equiv_check
!!!!!!!!!! results/Qwen2.5-Coder-32B-Instruct/default-0.3-True/BitSet31onedown.java.129
!!!!!!!!!! Running null_check
!!!!!!!!!! Entry 0
!!!!!!!!!! Running compile_check
!!!!!!!!!! Entry 0
!!!!!!!!!! Running fuzz_check
!!!!!!!!!! Running rdtp_check
!!!!!!!!!! Running equiv_check
!!!!!!!!!! results/Qwen2.5-Coder-32B-Instruct/default-0.3-True/BitSet32onedown.java.130
!!!!!!!!!! Running null_check
!!!!!!!!!! Entry 0
!!!!!!!!!! Running compile_check
!!!!!!!!!! Entry 0
!!!!!!!!!! Running fuzz_check
!!!!!!!!!! Running rdtp_check
!!!!!!!!!! Running equiv_check
!!!!!!!!!! results/Qwen2.5-Coder-32B-Instruct/default-0.3-True/BitSet33onedown.java.131
!!!!!!!!!! Running null_check
!!!!!!!!!! Entry 0
!!!!!!!!!! Running compile_check
!!!!!!!!!! Entry 0
!!!!!!!!!! Running fuzz_check
!!!!!!!!!! Running rdtp_check
!!!!!!!!!! Running equiv_check
!!!!!!!!!! results/Qwen2.5-Coder-32B-Instruct/default-0.3-True/BitSet34onedown.java.132
!!!!!!!!!! Running null_check
!!!!!!!!!! Entry 0
!!!!!!!!!! Running compile_check
!!!!!!!!!! Entry 0
!!!!!!!!!! Running fuzz_check
!!!!!!!!!! Running rdtp_check
!!!!!!!!!! Running equiv_check
!!!!!!!!!! results/Qwen2.5-Coder-32B-Instruct/default-0.3-True/BitSet35onedown.java.133
!!!!!!!!!! Running null_check
!!!!!!!!!! Entry 0
!!!!!!!!!! Running compile_check
!!!!!!!!!! Entry 0
!!!!!!!!!! Running fuzz_check
!!!!!!!!!! Running rdtp_check
!!!!!!!!!! Running equiv_check
!!!!!!!!!! results/Qwen2.5-Coder-32B-Instruct/default-0.3-True/BitSet36onedown.java.134
!!!!!!!!!! Running null_check
!!!!!!!!!! Entry 0
!!!!!!!!!! Entry 1
!!!!!!!!!! Running compile_check
!!!!!!!!!! Entry 0
!!!!!!!!!! Entry 1
!!!!!!!!!! Running fuzz_check
!!!!!!!!!! Running rdtp_check
!!!!!!!!!! Running equiv_check
!!!!!!!!!! results/Qwen2.5-Coder-32B-Instruct/default-0.3-True/BitSet37onedown.java.135
!!!!!!!!!! Running null_check
!!!!!!!!!! Entry 0
!!!!!!!!!! Running compile_check
!!!!!!!!!! Entry 0
!!!!!!!!!! Running fuzz_check
!!!!!!!!!! Running rdtp_check
!!!!!!!!!! Running equiv_check
!!!!!!!!!! results/Qwen2.5-Coder-32B-Instruct/default-0.3-True/BitSet38onedown.java.136
!!!!!!!!!! Running null_check
!!!!!!!!!! Entry 0
!!!!!!!!!! Running compile_check
!!!!!!!!!! Entry 0
!!!!!!!!!! Running fuzz_check
!!!!!!!!!! Running rdtp_check
!!!!!!!!!! Running equiv_check
!!!!!!!!!! results/Qwen2.5-Coder-32B-Instruct/default-0.3-True/BitSet39onedown.java.137
!!!!!!!!!! Running null_check
!!!!!!!!!! Entry 0
!!!!!!!!!! Entry 1
!!!!!!!!!! Running compile_check
!!!!!!!!!! Entry 0
!!!!!!!!!! Entry 1
!!!!!!!!!! Running fuzz_check
!!!!!!!!!! Running rdtp_check
!!!!!!!!!! Running equiv_check
!!!!!!!!!! results/Qwen2.5-Coder-32B-Instruct/default-0.3-True/BitSet40onedown.java.138
!!!!!!!!!! Running null_check
!!!!!!!!!! Entry 0
!!!!!!!!!! Entry 1
!!!!!!!!!! Running compile_check
!!!!!!!!!! Entry 0
!!!!!!!!!! Entry 1
!!!!!!!!!! Running fuzz_check
!!!!!!!!!! Running rdtp_check
!!!!!!!!!! Running equiv_check
!!!!!!!!!! results/Qwen2.5-Coder-32B-Instruct/default-0.3-True/BitSet41onedown.java.139
!!!!!!!!!! Running null_check
!!!!!!!!!! Entry 0
!!!!!!!!!! Running compile_check
!!!!!!!!!! Entry 0
!!!!!!!!!! Running fuzz_check
!!!!!!!!!! Running rdtp_check
!!!!!!!!!! Running equiv_check
!!!!!!!!!! results/Qwen2.5-Coder-32B-Instruct/default-0.3-True/BitSet42onedown.java.140
!!!!!!!!!! Running null_check
!!!!!!!!!! Entry 0
!!!!!!!!!! Running compile_check
!!!!!!!!!! Entry 0
!!!!!!!!!! Running fuzz_check
!!!!!!!!!! Running rdtp_check
!!!!!!!!!! Running equiv_check
!!!!!!!!!! results/Qwen2.5-Coder-32B-Instruct/default-0.3-True/BitSet43onedown.java.141
!!!!!!!!!! Running null_check
!!!!!!!!!! Entry 0
!!!!!!!!!! Entry 1
!!!!!!!!!! Running compile_check
!!!!!!!!!! Entry 0
!!!!!!!!!! Entry 1
!!!!!!!!!! Running fuzz_check
!!!!!!!!!! Running rdtp_check
!!!!!!!!!! Running equiv_check
!!!!!!!!!! results/Qwen2.5-Coder-32B-Instruct/default-0.3-True/BitSet44onedown.java.142
!!!!!!!!!! Running null_check
!!!!!!!!!! Entry 0
!!!!!!!!!! Running compile_check
!!!!!!!!!! Entry 0
!!!!!!!!!! Running fuzz_check
!!!!!!!!!! Running rdtp_check
!!!!!!!!!! Running equiv_check
!!!!!!!!!! results/Qwen2.5-Coder-32B-Instruct/default-0.3-True/BitSet45onedown.java.143
!!!!!!!!!! Running null_check
!!!!!!!!!! Entry 0
!!!!!!!!!! Running compile_check
!!!!!!!!!! Entry 0
!!!!!!!!!! Running fuzz_check
!!!!!!!!!! Running rdtp_check
!!!!!!!!!! Running equiv_check
!!!!!!!!!! results/Qwen2.5-Coder-32B-Instruct/default-0.3-True/BitSet46onedown.java.144
!!!!!!!!!! Running null_check
!!!!!!!!!! Entry 0
!!!!!!!!!! Running compile_check
!!!!!!!!!! Entry 0
!!!!!!!!!! Running fuzz_check
!!!!!!!!!! Running rdtp_check
!!!!!!!!!! Running equiv_check
!!!!!!!!!! results/Qwen2.5-Coder-32B-Instruct/default-0.3-True/BitSet47onedown.java.145
!!!!!!!!!! Running null_check
!!!!!!!!!! Entry 0
!!!!!!!!!! Running compile_check
!!!!!!!!!! Entry 0
!!!!!!!!!! Running fuzz_check
!!!!!!!!!! Running rdtp_check
!!!!!!!!!! Running equiv_check
!!!!!!!!!! results/Qwen2.5-Coder-32B-Instruct/default-0.3-True/BitSet48onedown.java.146
!!!!!!!!!! Running null_check
!!!!!!!!!! Entry 0
!!!!!!!!!! Running compile_check
!!!!!!!!!! Entry 0
!!!!!!!!!! Running fuzz_check
!!!!!!!!!! Running rdtp_check
!!!!!!!!!! Running equiv_check
!!!!!!!!!! results/Qwen2.5-Coder-32B-Instruct/default-0.3-True/BitSet49onedown.java.147
!!!!!!!!!! Running null_check
!!!!!!!!!! Entry 0
!!!!!!!!!! Running compile_check
!!!!!!!!!! Entry 0
!!!!!!!!!! Running fuzz_check
!!!!!!!!!! Running rdtp_check
!!!!!!!!!! Running equiv_check
!!!!!!!!!! results/Qwen2.5-Coder-32B-Instruct/default-0.3-True/BitSet50onedown.java.148
!!!!!!!!!! Running null_check
!!!!!!!!!! Entry 0
!!!!!!!!!! Running compile_check
!!!!!!!!!! Entry 0
!!!!!!!!!! Running fuzz_check
!!!!!!!!!! Running rdtp_check
!!!!!!!!!! Running equiv_check
!!!!!!!!!! results/Qwen2.5-Coder-32B-Instruct/default-0.3-True/BitSet51onedown.java.149
!!!!!!!!!! Running null_check
!!!!!!!!!! Entry 0
!!!!!!!!!! Running compile_check
!!!!!!!!!! Entry 0
!!!!!!!!!! Running fuzz_check
!!!!!!!!!! Running rdtp_check
!!!!!!!!!! Running equiv_check
!!!!!!!!!! results/Qwen2.5-Coder-32B-Instruct/default-0.3-True/BitSet52onedown.java.150
!!!!!!!!!! Running null_check
!!!!!!!!!! Entry 0
!!!!!!!!!! Running compile_check
!!!!!!!!!! Entry 0
!!!!!!!!!! Running fuzz_check
!!!!!!!!!! Running rdtp_check
!!!!!!!!!! Running equiv_check
!!!!!!!!!! results/Qwen2.5-Coder-32B-Instruct/default-0.3-True/BitSet53onedown.java.151
!!!!!!!!!! Running null_check
!!!!!!!!!! Entry 0
!!!!!!!!!! Running compile_check
!!!!!!!!!! Entry 0
!!!!!!!!!! Running fuzz_check
!!!!!!!!!! Running rdtp_check
!!!!!!!!!! Running equiv_check
!!!!!!!!!! results/Qwen2.5-Coder-32B-Instruct/default-0.3-True/CircularFifoQueue1onedown.java.152
!!!!!!!!!! Running null_check
!!!!!!!!!! Entry 0
!!!!!!!!!! Running compile_check
!!!!!!!!!! Entry 0
!!!!!!!!!! Running fuzz_check
!!!!!!!!!! Entry 0
!!!!!!!!!! Running rdtp_check
!!!!!!!!!! Entry 0
/opt/conda/lib/python3.11/site-packages/transformers/generation/utils.py:2506: UserWarning: You are calling .generate() with the `input_ids` being on a device type different than your model's device. `input_ids` is on cpu, whereas the model is on cuda. You may experience unexpected behaviors or slower generation. Please make sure that you have put `input_ids` to the correct device by calling for example input_ids = input_ids.to('cuda') before running `.generate()`.
  warnings.warn(
!!!!!!!!!! Running equiv_check
!!!!!!!!!! Entry 0
!!!!!!!!!! results/Qwen2.5-Coder-32B-Instruct/default-0.3-True/CircularFifoQueue2onedown.java.153
!!!!!!!!!! Running null_check
!!!!!!!!!! Entry 0
!!!!!!!!!! Running compile_check
!!!!!!!!!! Entry 0
!!!!!!!!!! Running fuzz_check
!!!!!!!!!! Entry 0
!!!!!!!!!! Running rdtp_check
!!!!!!!!!! Entry 0
/opt/conda/lib/python3.11/site-packages/transformers/generation/utils.py:2506: UserWarning: You are calling .generate() with the `input_ids` being on a device type different than your model's device. `input_ids` is on cpu, whereas the model is on cuda. You may experience unexpected behaviors or slower generation. Please make sure that you have put `input_ids` to the correct device by calling for example input_ids = input_ids.to('cuda') before running `.generate()`.
  warnings.warn(
!!!!!!!!!! Running equiv_check
!!!!!!!!!! Entry 0
!!!!!!!!!! results/Qwen2.5-Coder-32B-Instruct/default-0.3-True/CircularFifoQueue3onedown.java.154
!!!!!!!!!! Running null_check
!!!!!!!!!! Entry 0
!!!!!!!!!! Running compile_check
!!!!!!!!!! Entry 0
!!!!!!!!!! Running fuzz_check
!!!!!!!!!! Running rdtp_check
!!!!!!!!!! Running equiv_check
!!!!!!!!!! results/Qwen2.5-Coder-32B-Instruct/default-0.3-True/CircularFifoQueue4onedown.java.155
!!!!!!!!!! Running null_check
!!!!!!!!!! Entry 0
!!!!!!!!!! Entry 1
!!!!!!!!!! Running compile_check
!!!!!!!!!! Entry 0
!!!!!!!!!! Entry 1
!!!!!!!!!! Running fuzz_check
!!!!!!!!!! Running rdtp_check
!!!!!!!!!! Running equiv_check
!!!!!!!!!! results/Qwen2.5-Coder-32B-Instruct/default-0.3-True/CircularFifoQueue5onedown.java.156
!!!!!!!!!! Running null_check
!!!!!!!!!! Entry 0
!!!!!!!!!! Entry 1
!!!!!!!!!! Entry 2
!!!!!!!!!! Running compile_check
!!!!!!!!!! Entry 0
!!!!!!!!!! Entry 1
Error in entry 1: Only int type is supported for forall quantifier
!!!!!!!!!! Entry 2
!!!!!!!!!! Running fuzz_check
!!!!!!!!!! Running rdtp_check
!!!!!!!!!! Running equiv_check
!!!!!!!!!! results/Qwen2.5-Coder-32B-Instruct/default-0.3-True/CircularFifoQueue6onedown.java.157
!!!!!!!!!! Running null_check
!!!!!!!!!! Entry 0
!!!!!!!!!! Running compile_check
!!!!!!!!!! Entry 0
!!!!!!!!!! Running fuzz_check
!!!!!!!!!! Running rdtp_check
!!!!!!!!!! Running equiv_check
!!!!!!!!!! results/Qwen2.5-Coder-32B-Instruct/default-0.3-True/CircularFifoQueue7onedown.java.158
!!!!!!!!!! Running null_check
!!!!!!!!!! Entry 0
!!!!!!!!!! Entry 1
!!!!!!!!!! Running compile_check
!!!!!!!!!! Entry 0
!!!!!!!!!! Entry 1
!!!!!!!!!! Running fuzz_check
!!!!!!!!!! Running rdtp_check
!!!!!!!!!! Running equiv_check
!!!!!!!!!! results/Qwen2.5-Coder-32B-Instruct/default-0.3-True/CircularFifoQueue8onedown.java.159
!!!!!!!!!! Running null_check
!!!!!!!!!! Entry 0
!!!!!!!!!! Running compile_check
!!!!!!!!!! Entry 0
!!!!!!!!!! Running fuzz_check
!!!!!!!!!! Running rdtp_check
!!!!!!!!!! Running equiv_check
!!!!!!!!!! results/Qwen2.5-Coder-32B-Instruct/default-0.3-True/CircularFifoQueue9onedown.java.160
!!!!!!!!!! Running null_check
!!!!!!!!!! Entry 0
!!!!!!!!!! Running compile_check
!!!!!!!!!! Entry 0
!!!!!!!!!! Running fuzz_check
!!!!!!!!!! Running rdtp_check
!!!!!!!!!! Running equiv_check
!!!!!!!!!! results/Qwen2.5-Coder-32B-Instruct/default-0.3-True/CircularFifoQueue10onedown.java.161
!!!!!!!!!! Running null_check
!!!!!!!!!! Entry 0
!!!!!!!!!! Running compile_check
!!!!!!!!!! Entry 0
!!!!!!!!!! Running fuzz_check
!!!!!!!!!! Running rdtp_check
!!!!!!!!!! Running equiv_check
!!!!!!!!!! results/Qwen2.5-Coder-32B-Instruct/default-0.3-True/CircularFifoQueue11onedown.java.162
!!!!!!!!!! Running null_check
!!!!!!!!!! Entry 0
!!!!!!!!!! Running compile_check
!!!!!!!!!! Entry 0
!!!!!!!!!! Running fuzz_check
!!!!!!!!!! Entry 0
!!!!!!!!!! Running rdtp_check
!!!!!!!!!! Entry 0
/opt/conda/lib/python3.11/site-packages/transformers/generation/utils.py:2506: UserWarning: You are calling .generate() with the `input_ids` being on a device type different than your model's device. `input_ids` is on cpu, whereas the model is on cuda. You may experience unexpected behaviors or slower generation. Please make sure that you have put `input_ids` to the correct device by calling for example input_ids = input_ids.to('cuda') before running `.generate()`.
  warnings.warn(
!!!!!!!!!! Running equiv_check
!!!!!!!!!! Entry 0
!!!!!!!!!! results/Qwen2.5-Coder-32B-Instruct/default-0.3-True/CircularFifoQueue12onedown.java.163
!!!!!!!!!! Running null_check
!!!!!!!!!! Entry 0
!!!!!!!!!! Running compile_check
!!!!!!!!!! Entry 0
!!!!!!!!!! Running fuzz_check
!!!!!!!!!! Entry 0
!!!!!!!!!! Running rdtp_check
!!!!!!!!!! Entry 0
/opt/conda/lib/python3.11/site-packages/transformers/generation/utils.py:2506: UserWarning: You are calling .generate() with the `input_ids` being on a device type different than your model's device. `input_ids` is on cpu, whereas the model is on cuda. You may experience unexpected behaviors or slower generation. Please make sure that you have put `input_ids` to the correct device by calling for example input_ids = input_ids.to('cuda') before running `.generate()`.
  warnings.warn(
!!!!!!!!!! Running equiv_check
!!!!!!!!!! Entry 0
!!!!!!!!!! results/Qwen2.5-Coder-32B-Instruct/default-0.3-True/CircularFifoQueue13onedown.java.164
!!!!!!!!!! Running null_check
!!!!!!!!!! Entry 0
!!!!!!!!!! Running compile_check
!!!!!!!!!! Entry 0
!!!!!!!!!! Running fuzz_check
!!!!!!!!!! Entry 0
!!!!!!!!!! Running rdtp_check
!!!!!!!!!! Running equiv_check
!!!!!!!!!! results/Qwen2.5-Coder-32B-Instruct/default-0.3-True/CircularFifoQueue14onedown.java.165
!!!!!!!!!! Running null_check
!!!!!!!!!! Entry 0
!!!!!!!!!! Running compile_check
!!!!!!!!!! Entry 0
!!!!!!!!!! Running fuzz_check
!!!!!!!!!! Running rdtp_check
!!!!!!!!!! Running equiv_check
!!!!!!!!!! results/Qwen2.5-Coder-32B-Instruct/default-0.3-True/CircularFifoQueue15onedown.java.166
!!!!!!!!!! Running null_check
!!!!!!!!!! Entry 0
!!!!!!!!!! Running compile_check
!!!!!!!!!! Entry 0
!!!!!!!!!! Running fuzz_check
!!!!!!!!!! Running rdtp_check
!!!!!!!!!! Running equiv_check
!!!!!!!!!! results/Qwen2.5-Coder-32B-Instruct/default-0.3-True/CircularFifoQueue16onedown.java.167
!!!!!!!!!! Running null_check
!!!!!!!!!! Entry 0
!!!!!!!!!! Running compile_check
!!!!!!!!!! Entry 0
!!!!!!!!!! Running fuzz_check
!!!!!!!!!! Running rdtp_check
!!!!!!!!!! Running equiv_check
!!!!!!!!!! results/Qwen2.5-Coder-32B-Instruct/default-0.3-True/CircularFifoQueue17onedown.java.168
!!!!!!!!!! Running null_check
!!!!!!!!!! Entry 0
!!!!!!!!!! Running compile_check
!!!!!!!!!! Entry 0
!!!!!!!!!! Running fuzz_check
!!!!!!!!!! Entry 0
!!!!!!!!!! Running rdtp_check
!!!!!!!!!! Entry 0
/opt/conda/lib/python3.11/site-packages/transformers/generation/utils.py:2506: UserWarning: You are calling .generate() with the `input_ids` being on a device type different than your model's device. `input_ids` is on cpu, whereas the model is on cuda. You may experience unexpected behaviors or slower generation. Please make sure that you have put `input_ids` to the correct device by calling for example input_ids = input_ids.to('cuda') before running `.generate()`.
  warnings.warn(
!!!!!!!!!! Running equiv_check
!!!!!!!!!! Entry 0
!!!!!!!!!! results/Qwen2.5-Coder-32B-Instruct/default-0.3-True/DefaultListenableGraph1onedown.java.169
!!!!!!!!!! Running null_check
!!!!!!!!!! Entry 0
!!!!!!!!!! Running compile_check
!!!!!!!!!! Entry 0
!!!!!!!!!! Running fuzz_check
!!!!!!!!!! Running rdtp_check
!!!!!!!!!! Running equiv_check
!!!!!!!!!! results/Qwen2.5-Coder-32B-Instruct/default-0.3-True/DefaultListenableGraph2onedown.java.170
!!!!!!!!!! Running null_check
!!!!!!!!!! Entry 0
!!!!!!!!!! Running compile_check
!!!!!!!!!! Entry 0
!!!!!!!!!! Running fuzz_check
!!!!!!!!!! Running rdtp_check
!!!!!!!!!! Running equiv_check
!!!!!!!!!! results/Qwen2.5-Coder-32B-Instruct/default-0.3-True/DefaultListenableGraph3onedown.java.171
!!!!!!!!!! Running null_check
!!!!!!!!!! Entry 0
!!!!!!!!!! Running compile_check
!!!!!!!!!! Entry 0
!!!!!!!!!! Running fuzz_check
!!!!!!!!!! Running rdtp_check
!!!!!!!!!! Running equiv_check
!!!!!!!!!! results/Qwen2.5-Coder-32B-Instruct/default-0.3-True/DefaultListenableGraph4onedown.java.172
!!!!!!!!!! Running null_check
!!!!!!!!!! Entry 0
!!!!!!!!!! Running compile_check
!!!!!!!!!! Entry 0
!!!!!!!!!! Running fuzz_check
!!!!!!!!!! Running rdtp_check
!!!!!!!!!! Running equiv_check
!!!!!!!!!! results/Qwen2.5-Coder-32B-Instruct/default-0.3-True/FixedArrayList1onedown.java.173
!!!!!!!!!! Running null_check
!!!!!!!!!! Entry 0
!!!!!!!!!! Running compile_check
!!!!!!!!!! Entry 0
!!!!!!!!!! Running fuzz_check
!!!!!!!!!! Entry 0
!!!!!!!!!! Running rdtp_check
!!!!!!!!!! Running equiv_check
!!!!!!!!!! results/Qwen2.5-Coder-32B-Instruct/default-0.3-True/FixedArrayList2onedown.java.174
!!!!!!!!!! Running null_check
!!!!!!!!!! Entry 0
!!!!!!!!!! Running compile_check
!!!!!!!!!! Entry 0
!!!!!!!!!! Running fuzz_check
!!!!!!!!!! Entry 0
!!!!!!!!!! Running rdtp_check
!!!!!!!!!! Running equiv_check
!!!!!!!!!! results/Qwen2.5-Coder-32B-Instruct/default-0.3-True/FixedArrayList3onedown.java.175
!!!!!!!!!! Running null_check
!!!!!!!!!! Entry 0
!!!!!!!!!! Running compile_check
!!!!!!!!!! Entry 0
!!!!!!!!!! Running fuzz_check
!!!!!!!!!! Entry 0
!!!!!!!!!! Running rdtp_check
!!!!!!!!!! Running equiv_check
!!!!!!!!!! results/Qwen2.5-Coder-32B-Instruct/default-0.3-True/FixedArrayList4onedown.java.176
!!!!!!!!!! Running null_check
!!!!!!!!!! Entry 0
!!!!!!!!!! Entry 1
!!!!!!!!!! Running compile_check
!!!!!!!!!! Entry 0
!!!!!!!!!! Entry 1
!!!!!!!!!! Running fuzz_check
!!!!!!!!!! Entry 0
!!!!!!!!!! Entry 1
!!!!!!!!!! Running rdtp_check
!!!!!!!!!! Running equiv_check
!!!!!!!!!! results/Qwen2.5-Coder-32B-Instruct/default-0.3-True/FixedArrayList5onedown.java.177
!!!!!!!!!! Running null_check
!!!!!!!!!! Entry 0
!!!!!!!!!! Entry 2
!!!!!!!!!! Running compile_check
!!!!!!!!!! Entry 0
!!!!!!!!!! Entry 2
!!!!!!!!!! Running fuzz_check
!!!!!!!!!! Running rdtp_check
!!!!!!!!!! Running equiv_check
!!!!!!!!!! results/Qwen2.5-Coder-32B-Instruct/default-0.3-True/FixedArrayList6onedown.java.178
!!!!!!!!!! Running null_check
!!!!!!!!!! Entry 0
!!!!!!!!!! Entry 1
!!!!!!!!!! Running compile_check
!!!!!!!!!! Entry 0
!!!!!!!!!! Entry 1
!!!!!!!!!! Running fuzz_check
!!!!!!!!!! Entry 0
!!!!!!!!!! Entry 1
!!!!!!!!!! Running rdtp_check
!!!!!!!!!! Running equiv_check
!!!!!!!!!! results/Qwen2.5-Coder-32B-Instruct/default-0.3-True/FixedArrayList7onedown.java.179
!!!!!!!!!! Running null_check
!!!!!!!!!! Entry 0
!!!!!!!!!! Running compile_check
!!!!!!!!!! Entry 0
!!!!!!!!!! Running fuzz_check
!!!!!!!!!! Entry 0
!!!!!!!!!! Running rdtp_check
!!!!!!!!!! Running equiv_check
!!!!!!!!!! results/Qwen2.5-Coder-32B-Instruct/default-0.3-True/HashMap1onedown.java.180
!!!!!!!!!! Running null_check
!!!!!!!!!! Entry 0
!!!!!!!!!! Running compile_check
!!!!!!!!!! Entry 0
!!!!!!!!!! Running fuzz_check
!!!!!!!!!! Running rdtp_check
!!!!!!!!!! Running equiv_check
!!!!!!!!!! results/Qwen2.5-Coder-32B-Instruct/default-0.3-True/HashMap2onedown.java.181
!!!!!!!!!! Running null_check
!!!!!!!!!! Entry 0
!!!!!!!!!! Running compile_check
!!!!!!!!!! Entry 0
!!!!!!!!!! Running fuzz_check
!!!!!!!!!! Running rdtp_check
!!!!!!!!!! Running equiv_check
!!!!!!!!!! results/Qwen2.5-Coder-32B-Instruct/default-0.3-True/HashMap3onedown.java.182
!!!!!!!!!! Running null_check
!!!!!!!!!! Entry 0
!!!!!!!!!! Running compile_check
!!!!!!!!!! Entry 0
!!!!!!!!!! Running fuzz_check
!!!!!!!!!! Running rdtp_check
!!!!!!!!!! Running equiv_check
!!!!!!!!!! results/Qwen2.5-Coder-32B-Instruct/default-0.3-True/HashMap4onedown.java.183
!!!!!!!!!! Running null_check
!!!!!!!!!! Entry 0
!!!!!!!!!! Running compile_check
!!!!!!!!!! Entry 0
!!!!!!!!!! Running fuzz_check
!!!!!!!!!! Running rdtp_check
!!!!!!!!!! Running equiv_check
!!!!!!!!!! results/Qwen2.5-Coder-32B-Instruct/default-0.3-True/HashMap5onedown.java.184
!!!!!!!!!! Running null_check
!!!!!!!!!! Entry 0
!!!!!!!!!! Running compile_check
!!!!!!!!!! Entry 0
Error in entry 0: list index out of range
!!!!!!!!!! Running fuzz_check
!!!!!!!!!! Running rdtp_check
!!!!!!!!!! Running equiv_check
!!!!!!!!!! results/Qwen2.5-Coder-32B-Instruct/default-0.3-True/HashMap6onedown.java.185
!!!!!!!!!! Running null_check
!!!!!!!!!! Entry 0
!!!!!!!!!! Running compile_check
!!!!!!!!!! Entry 0
!!!!!!!!!! Running fuzz_check
!!!!!!!!!! Running rdtp_check
!!!!!!!!!! Running equiv_check
!!!!!!!!!! results/Qwen2.5-Coder-32B-Instruct/default-0.3-True/HashMap7onedown.java.186
!!!!!!!!!! Running null_check
!!!!!!!!!! Entry 0
!!!!!!!!!! Running compile_check
!!!!!!!!!! Entry 0
!!!!!!!!!! Running fuzz_check
!!!!!!!!!! Running rdtp_check
!!!!!!!!!! Running equiv_check
!!!!!!!!!! results/Qwen2.5-Coder-32B-Instruct/default-0.3-True/HashMap8onedown.java.187
!!!!!!!!!! Running null_check
!!!!!!!!!! Entry 0
!!!!!!!!!! Running compile_check
!!!!!!!!!! Entry 0
!!!!!!!!!! Running fuzz_check
!!!!!!!!!! Running rdtp_check
!!!!!!!!!! Running equiv_check
!!!!!!!!!! results/Qwen2.5-Coder-32B-Instruct/default-0.3-True/HashMap9onedown.java.188
!!!!!!!!!! Running null_check
!!!!!!!!!! Entry 0
!!!!!!!!!! Entry 1
!!!!!!!!!! Running compile_check
!!!!!!!!!! Entry 0
!!!!!!!!!! Entry 1
!!!!!!!!!! Running fuzz_check
!!!!!!!!!! Running rdtp_check
!!!!!!!!!! Running equiv_check
!!!!!!!!!! results/Qwen2.5-Coder-32B-Instruct/default-0.3-True/HashMap10onedown.java.189
!!!!!!!!!! Running null_check
!!!!!!!!!! Entry 0
!!!!!!!!!! Entry 2
!!!!!!!!!! Running compile_check
!!!!!!!!!! Entry 0
!!!!!!!!!! Entry 2
!!!!!!!!!! Running fuzz_check
!!!!!!!!!! Running rdtp_check
!!!!!!!!!! Running equiv_check
!!!!!!!!!! results/Qwen2.5-Coder-32B-Instruct/default-0.3-True/HashMap11onedown.java.190
!!!!!!!!!! Running null_check
!!!!!!!!!! Entry 0
!!!!!!!!!! Running compile_check
!!!!!!!!!! Entry 0
!!!!!!!!!! Running fuzz_check
!!!!!!!!!! Running rdtp_check
!!!!!!!!!! Running equiv_check
!!!!!!!!!! results/Qwen2.5-Coder-32B-Instruct/default-0.3-True/HashMap12onedown.java.191
!!!!!!!!!! Running null_check
!!!!!!!!!! Entry 0
!!!!!!!!!! Running compile_check
!!!!!!!!!! Entry 0
!!!!!!!!!! Running fuzz_check
!!!!!!!!!! Running rdtp_check
!!!!!!!!!! Running equiv_check
!!!!!!!!!! results/Qwen2.5-Coder-32B-Instruct/default-0.3-True/HashMap13onedown.java.192
!!!!!!!!!! Running null_check
!!!!!!!!!! Entry 0
!!!!!!!!!! Running compile_check
!!!!!!!!!! Entry 0
!!!!!!!!!! Running fuzz_check
!!!!!!!!!! Running rdtp_check
!!!!!!!!!! Running equiv_check
!!!!!!!!!! results/Qwen2.5-Coder-32B-Instruct/default-0.3-True/HashMap14onedown.java.193
!!!!!!!!!! Running null_check
!!!!!!!!!! Entry 0
!!!!!!!!!! Entry 1
!!!!!!!!!! Running compile_check
!!!!!!!!!! Entry 0
Error in entry 0: list index out of range
!!!!!!!!!! Entry 1
Error in entry 1: list index out of range
!!!!!!!!!! Running fuzz_check
!!!!!!!!!! Running rdtp_check
!!!!!!!!!! Running equiv_check
!!!!!!!!!! results/Qwen2.5-Coder-32B-Instruct/default-0.3-True/HashMap15onedown.java.194
!!!!!!!!!! Running null_check
!!!!!!!!!! Entry 0
!!!!!!!!!! Running compile_check
!!!!!!!!!! Entry 0
!!!!!!!!!! Running fuzz_check
!!!!!!!!!! Running rdtp_check
!!!!!!!!!! Running equiv_check
!!!!!!!!!! results/Qwen2.5-Coder-32B-Instruct/default-0.3-True/HashMap16onedown.java.195
!!!!!!!!!! Running null_check
!!!!!!!!!! Entry 0
!!!!!!!!!! Running compile_check
!!!!!!!!!! Entry 0
!!!!!!!!!! Running fuzz_check
!!!!!!!!!! Running rdtp_check
!!!!!!!!!! Running equiv_check
!!!!!!!!!! results/Qwen2.5-Coder-32B-Instruct/default-0.3-True/HashMap17onedown.java.196
!!!!!!!!!! Running null_check
!!!!!!!!!! Entry 0
!!!!!!!!!! Running compile_check
!!!!!!!!!! Entry 0
!!!!!!!!!! Running fuzz_check
!!!!!!!!!! Running rdtp_check
!!!!!!!!!! Running equiv_check
!!!!!!!!!! results/Qwen2.5-Coder-32B-Instruct/default-0.3-True/HashMap18onedown.java.197
!!!!!!!!!! Running null_check
!!!!!!!!!! Entry 0
!!!!!!!!!! Entry 1
!!!!!!!!!! Running compile_check
!!!!!!!!!! Entry 0
!!!!!!!!!! Entry 1
!!!!!!!!!! Running fuzz_check
!!!!!!!!!! Running rdtp_check
!!!!!!!!!! Running equiv_check
!!!!!!!!!! results/Qwen2.5-Coder-32B-Instruct/default-0.3-True/HashMap19onedown.java.198
!!!!!!!!!! Running null_check
!!!!!!!!!! Entry 0
!!!!!!!!!! Running compile_check
!!!!!!!!!! Entry 0
!!!!!!!!!! Running fuzz_check
!!!!!!!!!! Running rdtp_check
!!!!!!!!!! Running equiv_check
!!!!!!!!!! results/Qwen2.5-Coder-32B-Instruct/default-0.3-True/HashMap20onedown.java.199
!!!!!!!!!! Running null_check
!!!!!!!!!! Entry 0
!!!!!!!!!! Running compile_check
!!!!!!!!!! Entry 0
!!!!!!!!!! Running fuzz_check
!!!!!!!!!! Running rdtp_check
!!!!!!!!!! Running equiv_check
!!!!!!!!!! results/Qwen2.5-Coder-32B-Instruct/default-0.3-True/HashMap21onedown.java.200
!!!!!!!!!! Running null_check
!!!!!!!!!! Entry 0
!!!!!!!!!! Running compile_check
!!!!!!!!!! Entry 0
!!!!!!!!!! Running fuzz_check
!!!!!!!!!! Running rdtp_check
!!!!!!!!!! Running equiv_check
!!!!!!!!!! results/Qwen2.5-Coder-32B-Instruct/default-0.3-True/HashMap22onedown.java.201
!!!!!!!!!! Running null_check
!!!!!!!!!! Entry 0
!!!!!!!!!! Entry 1
!!!!!!!!!! Running compile_check
!!!!!!!!!! Entry 0
!!!!!!!!!! Entry 1
!!!!!!!!!! Running fuzz_check
!!!!!!!!!! Running rdtp_check
!!!!!!!!!! Running equiv_check
!!!!!!!!!! results/Qwen2.5-Coder-32B-Instruct/default-0.3-True/HashSet1onedown.java.202
!!!!!!!!!! Running null_check
!!!!!!!!!! Entry 0
!!!!!!!!!! Running compile_check
!!!!!!!!!! Entry 0
!!!!!!!!!! Running fuzz_check
!!!!!!!!!! Entry 0
!!!!!!!!!! Running rdtp_check
!!!!!!!!!! Entry 0
/opt/conda/lib/python3.11/site-packages/transformers/generation/utils.py:2506: UserWarning: You are calling .generate() with the `input_ids` being on a device type different than your model's device. `input_ids` is on cpu, whereas the model is on cuda. You may experience unexpected behaviors or slower generation. Please make sure that you have put `input_ids` to the correct device by calling for example input_ids = input_ids.to('cuda') before running `.generate()`.
  warnings.warn(
!!!!!!!!!! Running equiv_check
!!!!!!!!!! Entry 0
!!!!!!!!!! results/Qwen2.5-Coder-32B-Instruct/default-0.3-True/HashSet2onedown.java.203
!!!!!!!!!! Running null_check
!!!!!!!!!! Entry 0
!!!!!!!!!! Running compile_check
!!!!!!!!!! Entry 0
!!!!!!!!!! Running fuzz_check
!!!!!!!!!! Entry 0
!!!!!!!!!! Running rdtp_check
!!!!!!!!!! Entry 0
/opt/conda/lib/python3.11/site-packages/transformers/generation/utils.py:2506: UserWarning: You are calling .generate() with the `input_ids` being on a device type different than your model's device. `input_ids` is on cpu, whereas the model is on cuda. You may experience unexpected behaviors or slower generation. Please make sure that you have put `input_ids` to the correct device by calling for example input_ids = input_ids.to('cuda') before running `.generate()`.
  warnings.warn(
!!!!!!!!!! Running equiv_check
!!!!!!!!!! results/Qwen2.5-Coder-32B-Instruct/default-0.3-True/HashSet3onedown.java.204
!!!!!!!!!! Running null_check
!!!!!!!!!! Entry 0
!!!!!!!!!! Running compile_check
!!!!!!!!!! Entry 0
!!!!!!!!!! Running fuzz_check
!!!!!!!!!! Entry 0
!!!!!!!!!! Running rdtp_check
!!!!!!!!!! Entry 0
/opt/conda/lib/python3.11/site-packages/transformers/generation/utils.py:2506: UserWarning: You are calling .generate() with the `input_ids` being on a device type different than your model's device. `input_ids` is on cpu, whereas the model is on cuda. You may experience unexpected behaviors or slower generation. Please make sure that you have put `input_ids` to the correct device by calling for example input_ids = input_ids.to('cuda') before running `.generate()`.
  warnings.warn(
!!!!!!!!!! Running equiv_check
!!!!!!!!!! Entry 0
!!!!!!!!!! results/Qwen2.5-Coder-32B-Instruct/default-0.3-True/HashSet4onedown.java.205
!!!!!!!!!! Running null_check
!!!!!!!!!! Entry 0
!!!!!!!!!! Running compile_check
!!!!!!!!!! Entry 0
!!!!!!!!!! Running fuzz_check
!!!!!!!!!! Entry 0
!!!!!!!!!! Running rdtp_check
!!!!!!!!!! Entry 0
/opt/conda/lib/python3.11/site-packages/transformers/generation/utils.py:2506: UserWarning: You are calling .generate() with the `input_ids` being on a device type different than your model's device. `input_ids` is on cpu, whereas the model is on cuda. You may experience unexpected behaviors or slower generation. Please make sure that you have put `input_ids` to the correct device by calling for example input_ids = input_ids.to('cuda') before running `.generate()`.
  warnings.warn(
!!!!!!!!!! Running equiv_check
!!!!!!!!!! results/Qwen2.5-Coder-32B-Instruct/default-0.3-True/HashSet5onedown.java.206
!!!!!!!!!! Running null_check
!!!!!!!!!! Entry 0
!!!!!!!!!! Running compile_check
!!!!!!!!!! Entry 0
!!!!!!!!!! Running fuzz_check
!!!!!!!!!! Entry 0
!!!!!!!!!! Running rdtp_check
!!!!!!!!!! Entry 0
/opt/conda/lib/python3.11/site-packages/transformers/generation/utils.py:2506: UserWarning: You are calling .generate() with the `input_ids` being on a device type different than your model's device. `input_ids` is on cpu, whereas the model is on cuda. You may experience unexpected behaviors or slower generation. Please make sure that you have put `input_ids` to the correct device by calling for example input_ids = input_ids.to('cuda') before running `.generate()`.
  warnings.warn(
!!!!!!!!!! Running equiv_check
!!!!!!!!!! Entry 0
!!!!!!!!!! results/Qwen2.5-Coder-32B-Instruct/default-0.3-True/HashSet6onedown.java.207
!!!!!!!!!! Running null_check
!!!!!!!!!! Entry 0
!!!!!!!!!! Running compile_check
!!!!!!!!!! Entry 0
!!!!!!!!!! Running fuzz_check
!!!!!!!!!! Entry 0
!!!!!!!!!! Running rdtp_check
!!!!!!!!!! Entry 0
/opt/conda/lib/python3.11/site-packages/transformers/generation/utils.py:2506: UserWarning: You are calling .generate() with the `input_ids` being on a device type different than your model's device. `input_ids` is on cpu, whereas the model is on cuda. You may experience unexpected behaviors or slower generation. Please make sure that you have put `input_ids` to the correct device by calling for example input_ids = input_ids.to('cuda') before running `.generate()`.
  warnings.warn(
!!!!!!!!!! Running equiv_check
!!!!!!!!!! Entry 0
!!!!!!!!!! equiv check failure
!!!!!!!!!! results/Qwen2.5-Coder-32B-Instruct/default-0.3-True/HashSet7onedown.java.208
!!!!!!!!!! Running null_check
!!!!!!!!!! Entry 0
!!!!!!!!!! Running compile_check
!!!!!!!!!! Entry 0
!!!!!!!!!! Running fuzz_check
!!!!!!!!!! Entry 0
!!!!!!!!!! Running rdtp_check
!!!!!!!!!! Entry 0
/opt/conda/lib/python3.11/site-packages/transformers/generation/utils.py:2506: UserWarning: You are calling .generate() with the `input_ids` being on a device type different than your model's device. `input_ids` is on cpu, whereas the model is on cuda. You may experience unexpected behaviors or slower generation. Please make sure that you have put `input_ids` to the correct device by calling for example input_ids = input_ids.to('cuda') before running `.generate()`.
  warnings.warn(
!!!!!!!!!! Running equiv_check
!!!!!!!!!! Entry 0
!!!!!!!!!! equiv check failure
!!!!!!!!!! results/Qwen2.5-Coder-32B-Instruct/default-0.3-True/HashSet8onedown.java.209
!!!!!!!!!! Running null_check
!!!!!!!!!! Entry 0
!!!!!!!!!! Running compile_check
!!!!!!!!!! Entry 0
!!!!!!!!!! Running fuzz_check
!!!!!!!!!! Entry 0
!!!!!!!!!! Running rdtp_check
!!!!!!!!!! Entry 0
/opt/conda/lib/python3.11/site-packages/transformers/generation/utils.py:2506: UserWarning: You are calling .generate() with the `input_ids` being on a device type different than your model's device. `input_ids` is on cpu, whereas the model is on cuda. You may experience unexpected behaviors or slower generation. Please make sure that you have put `input_ids` to the correct device by calling for example input_ids = input_ids.to('cuda') before running `.generate()`.
  warnings.warn(
!!!!!!!!!! Running equiv_check
!!!!!!!!!! Entry 0
!!!!!!!!!! results/Qwen2.5-Coder-32B-Instruct/default-0.3-True/HashSet9onedown.java.210
!!!!!!!!!! Running null_check
!!!!!!!!!! Entry 0
!!!!!!!!!! Running compile_check
!!!!!!!!!! Entry 0
!!!!!!!!!! Running fuzz_check
!!!!!!!!!! Entry 0
!!!!!!!!!! Running rdtp_check
!!!!!!!!!! Entry 0
/opt/conda/lib/python3.11/site-packages/transformers/generation/utils.py:2506: UserWarning: You are calling .generate() with the `input_ids` being on a device type different than your model's device. `input_ids` is on cpu, whereas the model is on cuda. You may experience unexpected behaviors or slower generation. Please make sure that you have put `input_ids` to the correct device by calling for example input_ids = input_ids.to('cuda') before running `.generate()`.
  warnings.warn(
!!!!!!!!!! Running equiv_check
!!!!!!!!!! Entry 0
!!!!!!!!!! equiv check failure
!!!!!!!!!! results/Qwen2.5-Coder-32B-Instruct/default-0.3-True/HashSet10onedown.java.211
!!!!!!!!!! Running null_check
!!!!!!!!!! Entry 0
!!!!!!!!!! Running compile_check
!!!!!!!!!! Entry 0
!!!!!!!!!! Running fuzz_check
!!!!!!!!!! Entry 0
!!!!!!!!!! Running rdtp_check
!!!!!!!!!! Entry 0
/opt/conda/lib/python3.11/site-packages/transformers/generation/utils.py:2506: UserWarning: You are calling .generate() with the `input_ids` being on a device type different than your model's device. `input_ids` is on cpu, whereas the model is on cuda. You may experience unexpected behaviors or slower generation. Please make sure that you have put `input_ids` to the correct device by calling for example input_ids = input_ids.to('cuda') before running `.generate()`.
  warnings.warn(
!!!!!!!!!! Running equiv_check
!!!!!!!!!! results/Qwen2.5-Coder-32B-Instruct/default-0.3-True/HashSet11onedown.java.212
!!!!!!!!!! Running null_check
!!!!!!!!!! Entry 0
!!!!!!!!!! Running compile_check
!!!!!!!!!! Entry 0
!!!!!!!!!! Running fuzz_check
!!!!!!!!!! Entry 0
!!!!!!!!!! Running rdtp_check
!!!!!!!!!! Running equiv_check
!!!!!!!!!! results/Qwen2.5-Coder-32B-Instruct/default-0.3-True/HashSet12onedown.java.213
!!!!!!!!!! Running null_check
!!!!!!!!!! Entry 0
!!!!!!!!!! Entry 1
!!!!!!!!!! Entry 2
!!!!!!!!!! Running compile_check
!!!!!!!!!! Entry 0
Error in entry 0: 'NoneType' object has no attribute 'group'
!!!!!!!!!! Entry 1
!!!!!!!!!! Entry 2
Error in entry 2: 'NoneType' object has no attribute 'group'
!!!!!!!!!! Running fuzz_check
!!!!!!!!!! Entry 1
!!!!!!!!!! Running rdtp_check
!!!!!!!!!! Entry 1
/opt/conda/lib/python3.11/site-packages/transformers/generation/utils.py:2506: UserWarning: You are calling .generate() with the `input_ids` being on a device type different than your model's device. `input_ids` is on cpu, whereas the model is on cuda. You may experience unexpected behaviors or slower generation. Please make sure that you have put `input_ids` to the correct device by calling for example input_ids = input_ids.to('cuda') before running `.generate()`.
  warnings.warn(
!!!!!!!!!! Running equiv_check
!!!!!!!!!! Entry 1
!!!!!!!!!! results/Qwen2.5-Coder-32B-Instruct/default-0.3-True/HashSet13onedown.java.214
!!!!!!!!!! Running null_check
!!!!!!!!!! Entry 0
!!!!!!!!!! Entry 2
!!!!!!!!!! Running compile_check
!!!!!!!!!! Entry 0
!!!!!!!!!! Entry 2
!!!!!!!!!! Running fuzz_check
!!!!!!!!!! Entry 0
!!!!!!!!!! Entry 2
!!!!!!!!!! Running rdtp_check
!!!!!!!!!! Entry 0
/opt/conda/lib/python3.11/site-packages/transformers/generation/utils.py:2506: UserWarning: You are calling .generate() with the `input_ids` being on a device type different than your model's device. `input_ids` is on cpu, whereas the model is on cuda. You may experience unexpected behaviors or slower generation. Please make sure that you have put `input_ids` to the correct device by calling for example input_ids = input_ids.to('cuda') before running `.generate()`.
  warnings.warn(
!!!!!!!!!! Entry 2
!!!!!!!!!! Running equiv_check
!!!!!!!!!! Entry 0
!!!!!!!!!! equiv check failure
!!!!!!!!!! Entry 2
!!!!!!!!!! equiv check failure
!!!!!!!!!! results/Qwen2.5-Coder-32B-Instruct/default-0.3-True/HashSet14onedown.java.215
!!!!!!!!!! Running null_check
!!!!!!!!!! Entry 0
!!!!!!!!!! Running compile_check
!!!!!!!!!! Entry 0
!!!!!!!!!! Running fuzz_check
!!!!!!!!!! Entry 0
!!!!!!!!!! Running rdtp_check
!!!!!!!!!! Running equiv_check
!!!!!!!!!! results/Qwen2.5-Coder-32B-Instruct/default-0.3-True/HashSet15onedown.java.216
!!!!!!!!!! Running null_check
!!!!!!!!!! Entry 0
!!!!!!!!!! Running compile_check
!!!!!!!!!! Entry 0
!!!!!!!!!! Running fuzz_check
!!!!!!!!!! Entry 0
!!!!!!!!!! Running rdtp_check
!!!!!!!!!! Running equiv_check
!!!!!!!!!! results/Qwen2.5-Coder-32B-Instruct/default-0.3-True/HashSet16onedown.java.217
!!!!!!!!!! Running null_check
!!!!!!!!!! Entry 0
!!!!!!!!!! Running compile_check
!!!!!!!!!! Entry 0
!!!!!!!!!! Running fuzz_check
!!!!!!!!!! Entry 0
!!!!!!!!!! Running rdtp_check
!!!!!!!!!! Entry 0
/opt/conda/lib/python3.11/site-packages/transformers/generation/utils.py:2506: UserWarning: You are calling .generate() with the `input_ids` being on a device type different than your model's device. `input_ids` is on cpu, whereas the model is on cuda. You may experience unexpected behaviors or slower generation. Please make sure that you have put `input_ids` to the correct device by calling for example input_ids = input_ids.to('cuda') before running `.generate()`.
  warnings.warn(
!!!!!!!!!! Running equiv_check
!!!!!!!!!! Entry 0
!!!!!!!!!! results/Qwen2.5-Coder-32B-Instruct/default-0.3-True/HashSet17onedown.java.218
!!!!!!!!!! Running null_check
!!!!!!!!!! Entry 0
!!!!!!!!!! Running compile_check
!!!!!!!!!! Entry 0
!!!!!!!!!! Running fuzz_check
!!!!!!!!!! Entry 0
!!!!!!!!!! Running rdtp_check
!!!!!!!!!! Entry 0
/opt/conda/lib/python3.11/site-packages/transformers/generation/utils.py:2506: UserWarning: You are calling .generate() with the `input_ids` being on a device type different than your model's device. `input_ids` is on cpu, whereas the model is on cuda. You may experience unexpected behaviors or slower generation. Please make sure that you have put `input_ids` to the correct device by calling for example input_ids = input_ids.to('cuda') before running `.generate()`.
  warnings.warn(
!!!!!!!!!! Running equiv_check
!!!!!!!!!! Entry 0
!!!!!!!!!! results/Qwen2.5-Coder-32B-Instruct/default-0.3-True/HashSet18onedown.java.219
!!!!!!!!!! Running null_check
!!!!!!!!!! Entry 0
!!!!!!!!!! Running compile_check
!!!!!!!!!! Entry 0
!!!!!!!!!! Running fuzz_check
!!!!!!!!!! Running rdtp_check
!!!!!!!!!! Running equiv_check
!!!!!!!!!! results/Qwen2.5-Coder-32B-Instruct/default-0.3-True/LinkedList1onedown.java.220
!!!!!!!!!! Running null_check
!!!!!!!!!! Entry 0
!!!!!!!!!! Running compile_check
!!!!!!!!!! Entry 0
!!!!!!!!!! Running fuzz_check
!!!!!!!!!! Entry 0
!!!!!!!!!! Running rdtp_check
!!!!!!!!!! Entry 0
/opt/conda/lib/python3.11/site-packages/transformers/generation/utils.py:2506: UserWarning: You are calling .generate() with the `input_ids` being on a device type different than your model's device. `input_ids` is on cpu, whereas the model is on cuda. You may experience unexpected behaviors or slower generation. Please make sure that you have put `input_ids` to the correct device by calling for example input_ids = input_ids.to('cuda') before running `.generate()`.
  warnings.warn(
!!!!!!!!!! Running equiv_check
!!!!!!!!!! Entry 0
!!!!!!!!!! results/Qwen2.5-Coder-32B-Instruct/default-0.3-True/LinkedList2onedown.java.221
!!!!!!!!!! Running null_check
!!!!!!!!!! Entry 0
!!!!!!!!!! Running compile_check
!!!!!!!!!! Entry 0
!!!!!!!!!! Running fuzz_check
!!!!!!!!!! Entry 0
!!!!!!!!!! Running rdtp_check
!!!!!!!!!! Entry 0
/opt/conda/lib/python3.11/site-packages/transformers/generation/utils.py:2506: UserWarning: You are calling .generate() with the `input_ids` being on a device type different than your model's device. `input_ids` is on cpu, whereas the model is on cuda. You may experience unexpected behaviors or slower generation. Please make sure that you have put `input_ids` to the correct device by calling for example input_ids = input_ids.to('cuda') before running `.generate()`.
  warnings.warn(
!!!!!!!!!! Running equiv_check
!!!!!!!!!! results/Qwen2.5-Coder-32B-Instruct/default-0.3-True/LinkedList3onedown.java.222
!!!!!!!!!! Running null_check
!!!!!!!!!! Entry 0
!!!!!!!!!! Running compile_check
!!!!!!!!!! Entry 0
!!!!!!!!!! Running fuzz_check
!!!!!!!!!! Entry 0
!!!!!!!!!! Running rdtp_check
!!!!!!!!!! Entry 0
/opt/conda/lib/python3.11/site-packages/transformers/generation/utils.py:2506: UserWarning: You are calling .generate() with the `input_ids` being on a device type different than your model's device. `input_ids` is on cpu, whereas the model is on cuda. You may experience unexpected behaviors or slower generation. Please make sure that you have put `input_ids` to the correct device by calling for example input_ids = input_ids.to('cuda') before running `.generate()`.
  warnings.warn(
!!!!!!!!!! Running equiv_check
!!!!!!!!!! Entry 0
!!!!!!!!!! results/Qwen2.5-Coder-32B-Instruct/default-0.3-True/LinkedList4onedown.java.223
!!!!!!!!!! Running null_check
!!!!!!!!!! Entry 0
!!!!!!!!!! Entry 2
!!!!!!!!!! Running compile_check
!!!!!!!!!! Entry 0
!!!!!!!!!! Entry 2
!!!!!!!!!! Running fuzz_check
!!!!!!!!!! Entry 0
!!!!!!!!!! Running rdtp_check
!!!!!!!!!! Running equiv_check
!!!!!!!!!! results/Qwen2.5-Coder-32B-Instruct/default-0.3-True/LinkedList5onedown.java.224
!!!!!!!!!! Running null_check
!!!!!!!!!! Entry 0
!!!!!!!!!! Entry 2
!!!!!!!!!! Running compile_check
!!!!!!!!!! Entry 0
!!!!!!!!!! Entry 2
!!!!!!!!!! Running fuzz_check
!!!!!!!!!! Entry 2
!!!!!!!!!! Running rdtp_check
!!!!!!!!!! Running equiv_check
!!!!!!!!!! results/Qwen2.5-Coder-32B-Instruct/default-0.3-True/LinkedList6onedown.java.225
!!!!!!!!!! Running null_check
!!!!!!!!!! Entry 0
!!!!!!!!!! Running compile_check
!!!!!!!!!! Entry 0
!!!!!!!!!! Running fuzz_check
!!!!!!!!!! Entry 0
!!!!!!!!!! Running rdtp_check
!!!!!!!!!! Entry 0
/opt/conda/lib/python3.11/site-packages/transformers/generation/utils.py:2506: UserWarning: You are calling .generate() with the `input_ids` being on a device type different than your model's device. `input_ids` is on cpu, whereas the model is on cuda. You may experience unexpected behaviors or slower generation. Please make sure that you have put `input_ids` to the correct device by calling for example input_ids = input_ids.to('cuda') before running `.generate()`.
  warnings.warn(
!!!!!!!!!! Running equiv_check
!!!!!!!!!! Entry 0
!!!!!!!!!! results/Qwen2.5-Coder-32B-Instruct/default-0.3-True/LinkedList7onedown.java.226
!!!!!!!!!! Running null_check
!!!!!!!!!! Entry 0
!!!!!!!!!! Entry 1
!!!!!!!!!! Entry 2
!!!!!!!!!! Running compile_check
!!!!!!!!!! Entry 0
!!!!!!!!!! Entry 1
!!!!!!!!!! Entry 2
!!!!!!!!!! Running fuzz_check
!!!!!!!!!! Entry 0
!!!!!!!!!! Entry 1
!!!!!!!!!! Entry 2
!!!!!!!!!! Running rdtp_check
!!!!!!!!!! Entry 0
/opt/conda/lib/python3.11/site-packages/transformers/generation/utils.py:2506: UserWarning: You are calling .generate() with the `input_ids` being on a device type different than your model's device. `input_ids` is on cpu, whereas the model is on cuda. You may experience unexpected behaviors or slower generation. Please make sure that you have put `input_ids` to the correct device by calling for example input_ids = input_ids.to('cuda') before running `.generate()`.
  warnings.warn(
!!!!!!!!!! Entry 1
!!!!!!!!!! Running equiv_check
!!!!!!!!!! Entry 0
!!!!!!!!!! Entry 1
!!!!!!!!!! results/Qwen2.5-Coder-32B-Instruct/default-0.3-True/LinkedList8onedown.java.227
!!!!!!!!!! Running null_check
!!!!!!!!!! Entry 0
!!!!!!!!!! Running compile_check
!!!!!!!!!! Entry 0
!!!!!!!!!! Running fuzz_check
!!!!!!!!!! Entry 0
!!!!!!!!!! Running rdtp_check
!!!!!!!!!! Entry 0
/opt/conda/lib/python3.11/site-packages/transformers/generation/utils.py:2506: UserWarning: You are calling .generate() with the `input_ids` being on a device type different than your model's device. `input_ids` is on cpu, whereas the model is on cuda. You may experience unexpected behaviors or slower generation. Please make sure that you have put `input_ids` to the correct device by calling for example input_ids = input_ids.to('cuda') before running `.generate()`.
  warnings.warn(
!!!!!!!!!! Running equiv_check
!!!!!!!!!! Entry 0
!!!!!!!!!! results/Qwen2.5-Coder-32B-Instruct/default-0.3-True/LinkedList9onedown.java.228
!!!!!!!!!! Running null_check
!!!!!!!!!! Entry 0
!!!!!!!!!! Running compile_check
!!!!!!!!!! Entry 0
!!!!!!!!!! Running fuzz_check
!!!!!!!!!! Entry 0
!!!!!!!!!! Running rdtp_check
!!!!!!!!!! Entry 0
/opt/conda/lib/python3.11/site-packages/transformers/generation/utils.py:2506: UserWarning: You are calling .generate() with the `input_ids` being on a device type different than your model's device. `input_ids` is on cpu, whereas the model is on cuda. You may experience unexpected behaviors or slower generation. Please make sure that you have put `input_ids` to the correct device by calling for example input_ids = input_ids.to('cuda') before running `.generate()`.
  warnings.warn(
!!!!!!!!!! Running equiv_check
!!!!!!!!!! results/Qwen2.5-Coder-32B-Instruct/default-0.3-True/LinkedList10onedown.java.229
!!!!!!!!!! Running null_check
!!!!!!!!!! Entry 0
!!!!!!!!!! Entry 2
!!!!!!!!!! Running compile_check
!!!!!!!!!! Entry 0
!!!!!!!!!! Entry 2
!!!!!!!!!! Running fuzz_check
!!!!!!!!!! Entry 0
!!!!!!!!!! Running rdtp_check
!!!!!!!!!! Entry 0
/opt/conda/lib/python3.11/site-packages/transformers/generation/utils.py:2506: UserWarning: You are calling .generate() with the `input_ids` being on a device type different than your model's device. `input_ids` is on cpu, whereas the model is on cuda. You may experience unexpected behaviors or slower generation. Please make sure that you have put `input_ids` to the correct device by calling for example input_ids = input_ids.to('cuda') before running `.generate()`.
  warnings.warn(
!!!!!!!!!! Running equiv_check
!!!!!!!!!! results/Qwen2.5-Coder-32B-Instruct/default-0.3-True/LinkedList11onedown.java.230
!!!!!!!!!! Running null_check
!!!!!!!!!! Entry 0
!!!!!!!!!! Entry 1
!!!!!!!!!! Running compile_check
!!!!!!!!!! Entry 0
!!!!!!!!!! Entry 1
!!!!!!!!!! Running fuzz_check
!!!!!!!!!! Entry 1
!!!!!!!!!! Running rdtp_check
!!!!!!!!!! Entry 1
/opt/conda/lib/python3.11/site-packages/transformers/generation/utils.py:2506: UserWarning: You are calling .generate() with the `input_ids` being on a device type different than your model's device. `input_ids` is on cpu, whereas the model is on cuda. You may experience unexpected behaviors or slower generation. Please make sure that you have put `input_ids` to the correct device by calling for example input_ids = input_ids.to('cuda') before running `.generate()`.
  warnings.warn(
!!!!!!!!!! Running equiv_check
!!!!!!!!!! results/Qwen2.5-Coder-32B-Instruct/default-0.3-True/LinkedList12onedown.java.231
!!!!!!!!!! Running null_check
!!!!!!!!!! Entry 0
!!!!!!!!!! Entry 2
!!!!!!!!!! Running compile_check
!!!!!!!!!! Entry 0
!!!!!!!!!! Entry 2
!!!!!!!!!! Running fuzz_check
!!!!!!!!!! Running rdtp_check
!!!!!!!!!! Running equiv_check
!!!!!!!!!! results/Qwen2.5-Coder-32B-Instruct/default-0.3-True/LinkedList13onedown.java.232
!!!!!!!!!! Running null_check
!!!!!!!!!! Entry 0
!!!!!!!!!! Running compile_check
!!!!!!!!!! Entry 0
!!!!!!!!!! Running fuzz_check
!!!!!!!!!! Entry 0
!!!!!!!!!! Running rdtp_check
!!!!!!!!!! Entry 0
/opt/conda/lib/python3.11/site-packages/transformers/generation/utils.py:2506: UserWarning: You are calling .generate() with the `input_ids` being on a device type different than your model's device. `input_ids` is on cpu, whereas the model is on cuda. You may experience unexpected behaviors or slower generation. Please make sure that you have put `input_ids` to the correct device by calling for example input_ids = input_ids.to('cuda') before running `.generate()`.
  warnings.warn(
!!!!!!!!!! Running equiv_check
!!!!!!!!!! results/Qwen2.5-Coder-32B-Instruct/default-0.3-True/LinkedList14onedown.java.233
!!!!!!!!!! Running null_check
!!!!!!!!!! Entry 0
!!!!!!!!!! Entry 2
!!!!!!!!!! Running compile_check
!!!!!!!!!! Entry 0
!!!!!!!!!! Entry 2
!!!!!!!!!! Running fuzz_check
!!!!!!!!!! Entry 0
!!!!!!!!!! Entry 2
!!!!!!!!!! Running rdtp_check
!!!!!!!!!! Entry 0
/opt/conda/lib/python3.11/site-packages/transformers/generation/utils.py:2506: UserWarning: You are calling .generate() with the `input_ids` being on a device type different than your model's device. `input_ids` is on cpu, whereas the model is on cuda. You may experience unexpected behaviors or slower generation. Please make sure that you have put `input_ids` to the correct device by calling for example input_ids = input_ids.to('cuda') before running `.generate()`.
  warnings.warn(
!!!!!!!!!! Entry 2
!!!!!!!!!! Running equiv_check
!!!!!!!!!! Entry 2
!!!!!!!!!! results/Qwen2.5-Coder-32B-Instruct/default-0.3-True/LinkedList15onedown.java.234
!!!!!!!!!! Running null_check
!!!!!!!!!! Entry 0
!!!!!!!!!! Running compile_check
!!!!!!!!!! Entry 0
!!!!!!!!!! Running fuzz_check
!!!!!!!!!! Entry 0
!!!!!!!!!! Running rdtp_check
!!!!!!!!!! Entry 0
/opt/conda/lib/python3.11/site-packages/transformers/generation/utils.py:2506: UserWarning: You are calling .generate() with the `input_ids` being on a device type different than your model's device. `input_ids` is on cpu, whereas the model is on cuda. You may experience unexpected behaviors or slower generation. Please make sure that you have put `input_ids` to the correct device by calling for example input_ids = input_ids.to('cuda') before running `.generate()`.
  warnings.warn(
!!!!!!!!!! Running equiv_check
!!!!!!!!!! Entry 0
!!!!!!!!!! results/Qwen2.5-Coder-32B-Instruct/default-0.3-True/LinkedList16onedown.java.235
!!!!!!!!!! Running null_check
!!!!!!!!!! Entry 0
!!!!!!!!!! Entry 2
!!!!!!!!!! Running compile_check
!!!!!!!!!! Entry 0
!!!!!!!!!! Entry 2
!!!!!!!!!! Running fuzz_check
!!!!!!!!!! Entry 2
!!!!!!!!!! Running rdtp_check
!!!!!!!!!! Entry 2
/opt/conda/lib/python3.11/site-packages/transformers/generation/utils.py:2506: UserWarning: You are calling .generate() with the `input_ids` being on a device type different than your model's device. `input_ids` is on cpu, whereas the model is on cuda. You may experience unexpected behaviors or slower generation. Please make sure that you have put `input_ids` to the correct device by calling for example input_ids = input_ids.to('cuda') before running `.generate()`.
  warnings.warn(
!!!!!!!!!! Running equiv_check
!!!!!!!!!! Entry 2
!!!!!!!!!! results/Qwen2.5-Coder-32B-Instruct/default-0.3-True/LinkedList17onedown.java.236
!!!!!!!!!! Running null_check
!!!!!!!!!! Entry 0
!!!!!!!!!! Running compile_check
!!!!!!!!!! Entry 0
!!!!!!!!!! Running fuzz_check
!!!!!!!!!! Entry 0
!!!!!!!!!! Running rdtp_check
!!!!!!!!!! Entry 0
/opt/conda/lib/python3.11/site-packages/transformers/generation/utils.py:2506: UserWarning: You are calling .generate() with the `input_ids` being on a device type different than your model's device. `input_ids` is on cpu, whereas the model is on cuda. You may experience unexpected behaviors or slower generation. Please make sure that you have put `input_ids` to the correct device by calling for example input_ids = input_ids.to('cuda') before running `.generate()`.
  warnings.warn(
!!!!!!!!!! Running equiv_check
!!!!!!!!!! Entry 0
!!!!!!!!!! equiv check failure
!!!!!!!!!! results/Qwen2.5-Coder-32B-Instruct/default-0.3-True/LinkedList18onedown.java.237
!!!!!!!!!! Running null_check
!!!!!!!!!! Entry 0
!!!!!!!!!! Running compile_check
!!!!!!!!!! Entry 0
!!!!!!!!!! Running fuzz_check
!!!!!!!!!! Entry 0
!!!!!!!!!! Running rdtp_check
!!!!!!!!!! Entry 0
/opt/conda/lib/python3.11/site-packages/transformers/generation/utils.py:2506: UserWarning: You are calling .generate() with the `input_ids` being on a device type different than your model's device. `input_ids` is on cpu, whereas the model is on cuda. You may experience unexpected behaviors or slower generation. Please make sure that you have put `input_ids` to the correct device by calling for example input_ids = input_ids.to('cuda') before running `.generate()`.
  warnings.warn(
!!!!!!!!!! Running equiv_check
!!!!!!!!!! Entry 0
!!!!!!!!!! results/Qwen2.5-Coder-32B-Instruct/default-0.3-True/LinkedList19onedown.java.238
!!!!!!!!!! Running null_check
!!!!!!!!!! Entry 0
!!!!!!!!!! Running compile_check
!!!!!!!!!! Entry 0
!!!!!!!!!! Running fuzz_check
!!!!!!!!!! Entry 0
!!!!!!!!!! Running rdtp_check
!!!!!!!!!! Running equiv_check
!!!!!!!!!! results/Qwen2.5-Coder-32B-Instruct/default-0.3-True/LinkedList20onedown.java.239
!!!!!!!!!! Running null_check
!!!!!!!!!! Entry 0
!!!!!!!!!! Entry 1
!!!!!!!!!! Running compile_check
!!!!!!!!!! Entry 0
!!!!!!!!!! Entry 1
!!!!!!!!!! Running fuzz_check
!!!!!!!!!! Entry 1
!!!!!!!!!! Running rdtp_check
!!!!!!!!!! Entry 1
/opt/conda/lib/python3.11/site-packages/transformers/generation/utils.py:2506: UserWarning: You are calling .generate() with the `input_ids` being on a device type different than your model's device. `input_ids` is on cpu, whereas the model is on cuda. You may experience unexpected behaviors or slower generation. Please make sure that you have put `input_ids` to the correct device by calling for example input_ids = input_ids.to('cuda') before running `.generate()`.
  warnings.warn(
!!!!!!!!!! Running equiv_check
!!!!!!!!!! results/Qwen2.5-Coder-32B-Instruct/default-0.3-True/LinkedList21onedown.java.240
!!!!!!!!!! Running null_check
!!!!!!!!!! Entry 0
!!!!!!!!!! Running compile_check
!!!!!!!!!! Entry 0
!!!!!!!!!! Running fuzz_check
!!!!!!!!!! Entry 0
!!!!!!!!!! Running rdtp_check
!!!!!!!!!! Entry 0
/opt/conda/lib/python3.11/site-packages/transformers/generation/utils.py:2506: UserWarning: You are calling .generate() with the `input_ids` being on a device type different than your model's device. `input_ids` is on cpu, whereas the model is on cuda. You may experience unexpected behaviors or slower generation. Please make sure that you have put `input_ids` to the correct device by calling for example input_ids = input_ids.to('cuda') before running `.generate()`.
  warnings.warn(
!!!!!!!!!! Running equiv_check
!!!!!!!!!! Entry 0
!!!!!!!!!! equiv check failure
!!!!!!!!!! results/Qwen2.5-Coder-32B-Instruct/default-0.3-True/LinkedList22onedown.java.241
!!!!!!!!!! Running null_check
!!!!!!!!!! Entry 0
!!!!!!!!!! Running compile_check
!!!!!!!!!! Entry 0
!!!!!!!!!! Running fuzz_check
!!!!!!!!!! Entry 0
!!!!!!!!!! Running rdtp_check
!!!!!!!!!! Entry 0
/opt/conda/lib/python3.11/site-packages/transformers/generation/utils.py:2506: UserWarning: You are calling .generate() with the `input_ids` being on a device type different than your model's device. `input_ids` is on cpu, whereas the model is on cuda. You may experience unexpected behaviors or slower generation. Please make sure that you have put `input_ids` to the correct device by calling for example input_ids = input_ids.to('cuda') before running `.generate()`.
  warnings.warn(
!!!!!!!!!! Running equiv_check
!!!!!!!!!! Entry 0
!!!!!!!!!! equiv check failure
!!!!!!!!!! results/Qwen2.5-Coder-32B-Instruct/default-0.3-True/LinkedList23onedown.java.242
!!!!!!!!!! Running null_check
!!!!!!!!!! Entry 0
!!!!!!!!!! Running compile_check
!!!!!!!!!! Entry 0
!!!!!!!!!! Running fuzz_check
!!!!!!!!!! Entry 0
!!!!!!!!!! Running rdtp_check
!!!!!!!!!! Running equiv_check
!!!!!!!!!! results/Qwen2.5-Coder-32B-Instruct/default-0.3-True/LinkedList24onedown.java.243
!!!!!!!!!! Running null_check
!!!!!!!!!! Entry 0
!!!!!!!!!! Entry 1
!!!!!!!!!! Running compile_check
!!!!!!!!!! Entry 0
!!!!!!!!!! Entry 1
!!!!!!!!!! Running fuzz_check
!!!!!!!!!! Entry 0
!!!!!!!!!! Entry 1
!!!!!!!!!! Running rdtp_check
!!!!!!!!!! Entry 0
/opt/conda/lib/python3.11/site-packages/transformers/generation/utils.py:2506: UserWarning: You are calling .generate() with the `input_ids` being on a device type different than your model's device. `input_ids` is on cpu, whereas the model is on cuda. You may experience unexpected behaviors or slower generation. Please make sure that you have put `input_ids` to the correct device by calling for example input_ids = input_ids.to('cuda') before running `.generate()`.
  warnings.warn(
!!!!!!!!!! Entry 1
!!!!!!!!!! Running equiv_check
!!!!!!!!!! results/Qwen2.5-Coder-32B-Instruct/default-0.3-True/LinkedList25onedown.java.244
!!!!!!!!!! Running null_check
!!!!!!!!!! Entry 0
!!!!!!!!!! Entry 1
!!!!!!!!!! Running compile_check
!!!!!!!!!! Entry 0
!!!!!!!!!! Entry 1
!!!!!!!!!! Running fuzz_check
!!!!!!!!!! Entry 0
!!!!!!!!!! Entry 1
!!!!!!!!!! Running rdtp_check
!!!!!!!!!! Entry 0
/opt/conda/lib/python3.11/site-packages/transformers/generation/utils.py:2506: UserWarning: You are calling .generate() with the `input_ids` being on a device type different than your model's device. `input_ids` is on cpu, whereas the model is on cuda. You may experience unexpected behaviors or slower generation. Please make sure that you have put `input_ids` to the correct device by calling for example input_ids = input_ids.to('cuda') before running `.generate()`.
  warnings.warn(
!!!!!!!!!! Entry 1
!!!!!!!!!! Running equiv_check
!!!!!!!!!! results/Qwen2.5-Coder-32B-Instruct/default-0.3-True/LinkedList26onedown.java.245
!!!!!!!!!! Running null_check
!!!!!!!!!! Entry 0
!!!!!!!!!! Entry 1
!!!!!!!!!! Running compile_check
!!!!!!!!!! Entry 0
!!!!!!!!!! Entry 1
!!!!!!!!!! Running fuzz_check
!!!!!!!!!! Entry 0
!!!!!!!!!! Entry 1
!!!!!!!!!! Running rdtp_check
!!!!!!!!!! Entry 0
/opt/conda/lib/python3.11/site-packages/transformers/generation/utils.py:2506: UserWarning: You are calling .generate() with the `input_ids` being on a device type different than your model's device. `input_ids` is on cpu, whereas the model is on cuda. You may experience unexpected behaviors or slower generation. Please make sure that you have put `input_ids` to the correct device by calling for example input_ids = input_ids.to('cuda') before running `.generate()`.
  warnings.warn(
!!!!!!!!!! Entry 1
!!!!!!!!!! Running equiv_check
!!!!!!!!!! results/Qwen2.5-Coder-32B-Instruct/default-0.3-True/LinkedList27onedown.java.246
!!!!!!!!!! Running null_check
!!!!!!!!!! Entry 0
!!!!!!!!!! Running compile_check
!!!!!!!!!! Entry 0
!!!!!!!!!! Running fuzz_check
!!!!!!!!!! Entry 0
!!!!!!!!!! Running rdtp_check
!!!!!!!!!! Entry 0
/opt/conda/lib/python3.11/site-packages/transformers/generation/utils.py:2506: UserWarning: You are calling .generate() with the `input_ids` being on a device type different than your model's device. `input_ids` is on cpu, whereas the model is on cuda. You may experience unexpected behaviors or slower generation. Please make sure that you have put `input_ids` to the correct device by calling for example input_ids = input_ids.to('cuda') before running `.generate()`.
  warnings.warn(
!!!!!!!!!! Running equiv_check
!!!!!!!!!! results/Qwen2.5-Coder-32B-Instruct/default-0.3-True/LinkedList28onedown.java.247
!!!!!!!!!! Running null_check
!!!!!!!!!! Entry 0
!!!!!!!!!! Running compile_check
!!!!!!!!!! Entry 0
!!!!!!!!!! Running fuzz_check
!!!!!!!!!! Entry 0
!!!!!!!!!! Running rdtp_check
!!!!!!!!!! Entry 0
/opt/conda/lib/python3.11/site-packages/transformers/generation/utils.py:2506: UserWarning: You are calling .generate() with the `input_ids` being on a device type different than your model's device. `input_ids` is on cpu, whereas the model is on cuda. You may experience unexpected behaviors or slower generation. Please make sure that you have put `input_ids` to the correct device by calling for example input_ids = input_ids.to('cuda') before running `.generate()`.
  warnings.warn(
!!!!!!!!!! Running equiv_check
!!!!!!!!!! Entry 0
!!!!!!!!!! equiv check failure
!!!!!!!!!! results/Qwen2.5-Coder-32B-Instruct/default-0.3-True/LinkedList29onedown.java.248
!!!!!!!!!! Running null_check
!!!!!!!!!! Entry 0
!!!!!!!!!! Running compile_check
!!!!!!!!!! Entry 0
!!!!!!!!!! Running fuzz_check
!!!!!!!!!! Entry 0
!!!!!!!!!! Running rdtp_check
!!!!!!!!!! Entry 0
/opt/conda/lib/python3.11/site-packages/transformers/generation/utils.py:2506: UserWarning: You are calling .generate() with the `input_ids` being on a device type different than your model's device. `input_ids` is on cpu, whereas the model is on cuda. You may experience unexpected behaviors or slower generation. Please make sure that you have put `input_ids` to the correct device by calling for example input_ids = input_ids.to('cuda') before running `.generate()`.
  warnings.warn(
!!!!!!!!!! Running equiv_check
!!!!!!!!!! results/Qwen2.5-Coder-32B-Instruct/default-0.3-True/LinkedList30onedown.java.249
!!!!!!!!!! Running null_check
!!!!!!!!!! Entry 0
!!!!!!!!!! Entry 1
!!!!!!!!!! Running compile_check
!!!!!!!!!! Entry 0
!!!!!!!!!! Entry 1
!!!!!!!!!! Running fuzz_check
!!!!!!!!!! Entry 0
!!!!!!!!!! Entry 1
!!!!!!!!!! Running rdtp_check
!!!!!!!!!! Entry 0
/opt/conda/lib/python3.11/site-packages/transformers/generation/utils.py:2506: UserWarning: You are calling .generate() with the `input_ids` being on a device type different than your model's device. `input_ids` is on cpu, whereas the model is on cuda. You may experience unexpected behaviors or slower generation. Please make sure that you have put `input_ids` to the correct device by calling for example input_ids = input_ids.to('cuda') before running `.generate()`.
  warnings.warn(
!!!!!!!!!! Entry 1
!!!!!!!!!! Running equiv_check
!!!!!!!!!! Entry 0
!!!!!!!!!! equiv check failure
!!!!!!!!!! Entry 1
!!!!!!!!!! equiv check failure
!!!!!!!!!! results/Qwen2.5-Coder-32B-Instruct/default-0.3-True/LinkedList31onedown.java.250
!!!!!!!!!! Running null_check
!!!!!!!!!! Entry 0
!!!!!!!!!! Running compile_check
!!!!!!!!!! Entry 0
!!!!!!!!!! Running fuzz_check
!!!!!!!!!! Entry 0
!!!!!!!!!! Running rdtp_check
!!!!!!!!!! Entry 0
/opt/conda/lib/python3.11/site-packages/transformers/generation/utils.py:2506: UserWarning: You are calling .generate() with the `input_ids` being on a device type different than your model's device. `input_ids` is on cpu, whereas the model is on cuda. You may experience unexpected behaviors or slower generation. Please make sure that you have put `input_ids` to the correct device by calling for example input_ids = input_ids.to('cuda') before running `.generate()`.
  warnings.warn(
!!!!!!!!!! Running equiv_check
!!!!!!!!!! results/Qwen2.5-Coder-32B-Instruct/default-0.3-True/LinkedList32onedown.java.251
!!!!!!!!!! Running null_check
!!!!!!!!!! Entry 0
!!!!!!!!!! Entry 1
!!!!!!!!!! Entry 2
!!!!!!!!!! Running compile_check
!!!!!!!!!! Entry 0
!!!!!!!!!! Entry 1
!!!!!!!!!! Entry 2
!!!!!!!!!! Running fuzz_check
!!!!!!!!!! Entry 2
!!!!!!!!!! Running rdtp_check
!!!!!!!!!! Entry 2
/opt/conda/lib/python3.11/site-packages/transformers/generation/utils.py:2506: UserWarning: You are calling .generate() with the `input_ids` being on a device type different than your model's device. `input_ids` is on cpu, whereas the model is on cuda. You may experience unexpected behaviors or slower generation. Please make sure that you have put `input_ids` to the correct device by calling for example input_ids = input_ids.to('cuda') before running `.generate()`.
  warnings.warn(
!!!!!!!!!! Running equiv_check
!!!!!!!!!! Entry 2
!!!!!!!!!! results/Qwen2.5-Coder-32B-Instruct/default-0.3-True/LinkedList33onedown.java.252
!!!!!!!!!! Running null_check
!!!!!!!!!! Entry 0
!!!!!!!!!! Running compile_check
!!!!!!!!!! Entry 0
!!!!!!!!!! Running fuzz_check
!!!!!!!!!! Entry 0
!!!!!!!!!! Running rdtp_check
!!!!!!!!!! Entry 0
/opt/conda/lib/python3.11/site-packages/transformers/generation/utils.py:2506: UserWarning: You are calling .generate() with the `input_ids` being on a device type different than your model's device. `input_ids` is on cpu, whereas the model is on cuda. You may experience unexpected behaviors or slower generation. Please make sure that you have put `input_ids` to the correct device by calling for example input_ids = input_ids.to('cuda') before running `.generate()`.
  warnings.warn(
!!!!!!!!!! Running equiv_check
!!!!!!!!!! Entry 0
Error in entry 0: Assertion not in the required format
!!!!!!!!!! results/Qwen2.5-Coder-32B-Instruct/default-0.3-True/LinkedList34onedown.java.253
!!!!!!!!!! Running null_check
!!!!!!!!!! Entry 0
!!!!!!!!!! Entry 1
!!!!!!!!!! Running compile_check
!!!!!!!!!! Entry 0
!!!!!!!!!! Entry 1
!!!!!!!!!! Running fuzz_check
!!!!!!!!!! Entry 0
!!!!!!!!!! Entry 1
!!!!!!!!!! Running rdtp_check
!!!!!!!!!! Entry 1
/opt/conda/lib/python3.11/site-packages/transformers/generation/utils.py:2506: UserWarning: You are calling .generate() with the `input_ids` being on a device type different than your model's device. `input_ids` is on cpu, whereas the model is on cuda. You may experience unexpected behaviors or slower generation. Please make sure that you have put `input_ids` to the correct device by calling for example input_ids = input_ids.to('cuda') before running `.generate()`.
  warnings.warn(
!!!!!!!!!! Running equiv_check
!!!!!!!!!! Entry 1
!!!!!!!!!! results/Qwen2.5-Coder-32B-Instruct/default-0.3-True/LinkedList35onedown.java.254
!!!!!!!!!! Running null_check
!!!!!!!!!! Entry 0
!!!!!!!!!! Running compile_check
!!!!!!!!!! Entry 0
!!!!!!!!!! Running fuzz_check
!!!!!!!!!! Entry 0
!!!!!!!!!! Running rdtp_check
!!!!!!!!!! Entry 0
/opt/conda/lib/python3.11/site-packages/transformers/generation/utils.py:2506: UserWarning: You are calling .generate() with the `input_ids` being on a device type different than your model's device. `input_ids` is on cpu, whereas the model is on cuda. You may experience unexpected behaviors or slower generation. Please make sure that you have put `input_ids` to the correct device by calling for example input_ids = input_ids.to('cuda') before running `.generate()`.
  warnings.warn(
!!!!!!!!!! Running equiv_check
!!!!!!!!!! results/Qwen2.5-Coder-32B-Instruct/default-0.3-True/LinkedList36onedown.java.255
!!!!!!!!!! Running null_check
!!!!!!!!!! Entry 0
!!!!!!!!!! Running compile_check
!!!!!!!!!! Entry 0
!!!!!!!!!! Running fuzz_check
!!!!!!!!!! Entry 0
!!!!!!!!!! Running rdtp_check
!!!!!!!!!! Entry 0
/opt/conda/lib/python3.11/site-packages/transformers/generation/utils.py:2506: UserWarning: You are calling .generate() with the `input_ids` being on a device type different than your model's device. `input_ids` is on cpu, whereas the model is on cuda. You may experience unexpected behaviors or slower generation. Please make sure that you have put `input_ids` to the correct device by calling for example input_ids = input_ids.to('cuda') before running `.generate()`.
  warnings.warn(
!!!!!!!!!! Running equiv_check
!!!!!!!!!! Entry 0
!!!!!!!!!! results/Qwen2.5-Coder-32B-Instruct/default-0.3-True/LinkedList37onedown.java.256
!!!!!!!!!! Running null_check
!!!!!!!!!! Entry 0
!!!!!!!!!! Running compile_check
!!!!!!!!!! Entry 0
!!!!!!!!!! Running fuzz_check
!!!!!!!!!! Entry 0
!!!!!!!!!! Running rdtp_check
!!!!!!!!!! Running equiv_check
!!!!!!!!!! results/Qwen2.5-Coder-32B-Instruct/default-0.3-True/LinkedList38onedown.java.257
!!!!!!!!!! Running null_check
!!!!!!!!!! Entry 0
!!!!!!!!!! Running compile_check
!!!!!!!!!! Entry 0
!!!!!!!!!! Running fuzz_check
!!!!!!!!!! Entry 0
!!!!!!!!!! Running rdtp_check
!!!!!!!!!! Entry 0
/opt/conda/lib/python3.11/site-packages/transformers/generation/utils.py:2506: UserWarning: You are calling .generate() with the `input_ids` being on a device type different than your model's device. `input_ids` is on cpu, whereas the model is on cuda. You may experience unexpected behaviors or slower generation. Please make sure that you have put `input_ids` to the correct device by calling for example input_ids = input_ids.to('cuda') before running `.generate()`.
  warnings.warn(
!!!!!!!!!! Running equiv_check
!!!!!!!!!! results/Qwen2.5-Coder-32B-Instruct/default-0.3-True/LinkedList39onedown.java.258
!!!!!!!!!! Running null_check
!!!!!!!!!! Entry 0
!!!!!!!!!! Running compile_check
!!!!!!!!!! Entry 0
!!!!!!!!!! Running fuzz_check
!!!!!!!!!! Entry 0
!!!!!!!!!! Running rdtp_check
!!!!!!!!!! Entry 0
/opt/conda/lib/python3.11/site-packages/transformers/generation/utils.py:2506: UserWarning: You are calling .generate() with the `input_ids` being on a device type different than your model's device. `input_ids` is on cpu, whereas the model is on cuda. You may experience unexpected behaviors or slower generation. Please make sure that you have put `input_ids` to the correct device by calling for example input_ids = input_ids.to('cuda') before running `.generate()`.
  warnings.warn(
!!!!!!!!!! Running equiv_check
!!!!!!!!!! Entry 0
!!!!!!!!!! results/Qwen2.5-Coder-32B-Instruct/default-0.3-True/LinkedList40onedown.java.259
!!!!!!!!!! Running null_check
!!!!!!!!!! Entry 0
!!!!!!!!!! Entry 1
!!!!!!!!!! Entry 2
!!!!!!!!!! Running compile_check
!!!!!!!!!! Entry 0
!!!!!!!!!! Entry 1
!!!!!!!!!! Entry 2
!!!!!!!!!! Running fuzz_check
!!!!!!!!!! Entry 1
!!!!!!!!!! Entry 2
!!!!!!!!!! Running rdtp_check
!!!!!!!!!! Entry 1
/opt/conda/lib/python3.11/site-packages/transformers/generation/utils.py:2506: UserWarning: You are calling .generate() with the `input_ids` being on a device type different than your model's device. `input_ids` is on cpu, whereas the model is on cuda. You may experience unexpected behaviors or slower generation. Please make sure that you have put `input_ids` to the correct device by calling for example input_ids = input_ids.to('cuda') before running `.generate()`.
  warnings.warn(
!!!!!!!!!! Entry 2
!!!!!!!!!! Running equiv_check
!!!!!!!!!! Entry 1
!!!!!!!!!! results/Qwen2.5-Coder-32B-Instruct/default-0.3-True/LinkedList41onedown.java.260
!!!!!!!!!! Running null_check
!!!!!!!!!! Entry 0
!!!!!!!!!! Running compile_check
!!!!!!!!!! Entry 0
!!!!!!!!!! Running fuzz_check
!!!!!!!!!! Entry 0
!!!!!!!!!! Running rdtp_check
!!!!!!!!!! Entry 0
/opt/conda/lib/python3.11/site-packages/transformers/generation/utils.py:2506: UserWarning: You are calling .generate() with the `input_ids` being on a device type different than your model's device. `input_ids` is on cpu, whereas the model is on cuda. You may experience unexpected behaviors or slower generation. Please make sure that you have put `input_ids` to the correct device by calling for example input_ids = input_ids.to('cuda') before running `.generate()`.
  warnings.warn(
!!!!!!!!!! Running equiv_check
!!!!!!!!!! results/Qwen2.5-Coder-32B-Instruct/default-0.3-True/LinkedList42onedown.java.261
!!!!!!!!!! Running null_check
!!!!!!!!!! Entry 0
!!!!!!!!!! Entry 1
!!!!!!!!!! Running compile_check
!!!!!!!!!! Entry 0
!!!!!!!!!! Entry 1
!!!!!!!!!! Running fuzz_check
!!!!!!!!!! Entry 0
!!!!!!!!!! Entry 1
!!!!!!!!!! Running rdtp_check
!!!!!!!!!! Entry 0
/opt/conda/lib/python3.11/site-packages/transformers/generation/utils.py:2506: UserWarning: You are calling .generate() with the `input_ids` being on a device type different than your model's device. `input_ids` is on cpu, whereas the model is on cuda. You may experience unexpected behaviors or slower generation. Please make sure that you have put `input_ids` to the correct device by calling for example input_ids = input_ids.to('cuda') before running `.generate()`.
  warnings.warn(
!!!!!!!!!! Entry 1
!!!!!!!!!! Running equiv_check
!!!!!!!!!! results/Qwen2.5-Coder-32B-Instruct/default-0.3-True/LinkedList43onedown.java.262
!!!!!!!!!! Running null_check
!!!!!!!!!! Entry 0
!!!!!!!!!! Running compile_check
!!!!!!!!!! Entry 0
!!!!!!!!!! Running fuzz_check
!!!!!!!!!! Entry 0
!!!!!!!!!! Running rdtp_check
!!!!!!!!!! Entry 0
/opt/conda/lib/python3.11/site-packages/transformers/generation/utils.py:2506: UserWarning: You are calling .generate() with the `input_ids` being on a device type different than your model's device. `input_ids` is on cpu, whereas the model is on cuda. You may experience unexpected behaviors or slower generation. Please make sure that you have put `input_ids` to the correct device by calling for example input_ids = input_ids.to('cuda') before running `.generate()`.
  warnings.warn(
!!!!!!!!!! Running equiv_check
!!!!!!!!!! Entry 0
!!!!!!!!!! results/Qwen2.5-Coder-32B-Instruct/default-0.3-True/LinkedList44onedown.java.263
!!!!!!!!!! Running null_check
!!!!!!!!!! Entry 0
!!!!!!!!!! Running compile_check
!!!!!!!!!! Entry 0
!!!!!!!!!! Running fuzz_check
!!!!!!!!!! Entry 0
!!!!!!!!!! Running rdtp_check
!!!!!!!!!! Entry 0
/opt/conda/lib/python3.11/site-packages/transformers/generation/utils.py:2506: UserWarning: You are calling .generate() with the `input_ids` being on a device type different than your model's device. `input_ids` is on cpu, whereas the model is on cuda. You may experience unexpected behaviors or slower generation. Please make sure that you have put `input_ids` to the correct device by calling for example input_ids = input_ids.to('cuda') before running `.generate()`.
  warnings.warn(
!!!!!!!!!! Running equiv_check
!!!!!!!!!! results/Qwen2.5-Coder-32B-Instruct/default-0.3-True/LinkedList45onedown.java.264
!!!!!!!!!! Running null_check
!!!!!!!!!! Entry 0
!!!!!!!!!! Running compile_check
!!!!!!!!!! Entry 0
!!!!!!!!!! Running fuzz_check
!!!!!!!!!! Entry 0
!!!!!!!!!! Running rdtp_check
!!!!!!!!!! Entry 0
/opt/conda/lib/python3.11/site-packages/transformers/generation/utils.py:2506: UserWarning: You are calling .generate() with the `input_ids` being on a device type different than your model's device. `input_ids` is on cpu, whereas the model is on cuda. You may experience unexpected behaviors or slower generation. Please make sure that you have put `input_ids` to the correct device by calling for example input_ids = input_ids.to('cuda') before running `.generate()`.
  warnings.warn(
!!!!!!!!!! Running equiv_check
!!!!!!!!!! Entry 0
!!!!!!!!!! results/Qwen2.5-Coder-32B-Instruct/default-0.3-True/LinkedList46onedown.java.265
!!!!!!!!!! Running null_check
!!!!!!!!!! Entry 0
!!!!!!!!!! Running compile_check
!!!!!!!!!! Entry 0
!!!!!!!!!! Running fuzz_check
!!!!!!!!!! Entry 0
!!!!!!!!!! Running rdtp_check
!!!!!!!!!! Entry 0
/opt/conda/lib/python3.11/site-packages/transformers/generation/utils.py:2506: UserWarning: You are calling .generate() with the `input_ids` being on a device type different than your model's device. `input_ids` is on cpu, whereas the model is on cuda. You may experience unexpected behaviors or slower generation. Please make sure that you have put `input_ids` to the correct device by calling for example input_ids = input_ids.to('cuda') before running `.generate()`.
  warnings.warn(
!!!!!!!!!! Running equiv_check
!!!!!!!!!! results/Qwen2.5-Coder-32B-Instruct/default-0.3-True/LinkedList47onedown.java.266
!!!!!!!!!! Running null_check
!!!!!!!!!! Entry 0
!!!!!!!!!! Running compile_check
!!!!!!!!!! Entry 0
!!!!!!!!!! Running fuzz_check
!!!!!!!!!! Entry 0
!!!!!!!!!! Running rdtp_check
!!!!!!!!!! Entry 0
/opt/conda/lib/python3.11/site-packages/transformers/generation/utils.py:2506: UserWarning: You are calling .generate() with the `input_ids` being on a device type different than your model's device. `input_ids` is on cpu, whereas the model is on cuda. You may experience unexpected behaviors or slower generation. Please make sure that you have put `input_ids` to the correct device by calling for example input_ids = input_ids.to('cuda') before running `.generate()`.
  warnings.warn(
!!!!!!!!!! Running equiv_check
!!!!!!!!!! Entry 0
!!!!!!!!!! results/Qwen2.5-Coder-32B-Instruct/default-0.3-True/LinkedList48onedown.java.267
!!!!!!!!!! Running null_check
!!!!!!!!!! Entry 0
!!!!!!!!!! Running compile_check
!!!!!!!!!! Entry 0
!!!!!!!!!! Running fuzz_check
!!!!!!!!!! Entry 0
!!!!!!!!!! Running rdtp_check
!!!!!!!!!! Entry 0
/opt/conda/lib/python3.11/site-packages/transformers/generation/utils.py:2506: UserWarning: You are calling .generate() with the `input_ids` being on a device type different than your model's device. `input_ids` is on cpu, whereas the model is on cuda. You may experience unexpected behaviors or slower generation. Please make sure that you have put `input_ids` to the correct device by calling for example input_ids = input_ids.to('cuda') before running `.generate()`.
  warnings.warn(
!!!!!!!!!! Running equiv_check
!!!!!!!!!! results/Qwen2.5-Coder-32B-Instruct/default-0.3-True/LinkedList49onedown.java.268
!!!!!!!!!! Running null_check
!!!!!!!!!! Entry 0
!!!!!!!!!! Running compile_check
!!!!!!!!!! Entry 0
!!!!!!!!!! Running fuzz_check
!!!!!!!!!! Entry 0
!!!!!!!!!! Running rdtp_check
!!!!!!!!!! Entry 0
/opt/conda/lib/python3.11/site-packages/transformers/generation/utils.py:2506: UserWarning: You are calling .generate() with the `input_ids` being on a device type different than your model's device. `input_ids` is on cpu, whereas the model is on cuda. You may experience unexpected behaviors or slower generation. Please make sure that you have put `input_ids` to the correct device by calling for example input_ids = input_ids.to('cuda') before running `.generate()`.
  warnings.warn(
!!!!!!!!!! Running equiv_check
!!!!!!!!!! results/Qwen2.5-Coder-32B-Instruct/default-0.3-True/LinkedList50onedown.java.269
!!!!!!!!!! Running null_check
!!!!!!!!!! Entry 0
!!!!!!!!!! Entry 1
!!!!!!!!!! Running compile_check
!!!!!!!!!! Entry 0
!!!!!!!!!! Entry 1
!!!!!!!!!! Running fuzz_check
!!!!!!!!!! Entry 0
!!!!!!!!!! Running rdtp_check
!!!!!!!!!! Entry 0
/opt/conda/lib/python3.11/site-packages/transformers/generation/utils.py:2506: UserWarning: You are calling .generate() with the `input_ids` being on a device type different than your model's device. `input_ids` is on cpu, whereas the model is on cuda. You may experience unexpected behaviors or slower generation. Please make sure that you have put `input_ids` to the correct device by calling for example input_ids = input_ids.to('cuda') before running `.generate()`.
  warnings.warn(
!!!!!!!!!! Running equiv_check
!!!!!!!!!! results/Qwen2.5-Coder-32B-Instruct/default-0.3-True/LinkedList51onedown.java.270
!!!!!!!!!! Running null_check
!!!!!!!!!! Entry 0
!!!!!!!!!! Running compile_check
!!!!!!!!!! Entry 0
!!!!!!!!!! Running fuzz_check
!!!!!!!!!! Entry 0
!!!!!!!!!! Running rdtp_check
!!!!!!!!!! Entry 0
/opt/conda/lib/python3.11/site-packages/transformers/generation/utils.py:2506: UserWarning: You are calling .generate() with the `input_ids` being on a device type different than your model's device. `input_ids` is on cpu, whereas the model is on cuda. You may experience unexpected behaviors or slower generation. Please make sure that you have put `input_ids` to the correct device by calling for example input_ids = input_ids.to('cuda') before running `.generate()`.
  warnings.warn(
!!!!!!!!!! Running equiv_check
!!!!!!!!!! results/Qwen2.5-Coder-32B-Instruct/default-0.3-True/LinkedList52onedown.java.271
!!!!!!!!!! Running null_check
!!!!!!!!!! Entry 0
!!!!!!!!!! Running compile_check
!!!!!!!!!! Entry 0
!!!!!!!!!! Running fuzz_check
!!!!!!!!!! Entry 0
!!!!!!!!!! Running rdtp_check
!!!!!!!!!! Entry 0
/opt/conda/lib/python3.11/site-packages/transformers/generation/utils.py:2506: UserWarning: You are calling .generate() with the `input_ids` being on a device type different than your model's device. `input_ids` is on cpu, whereas the model is on cuda. You may experience unexpected behaviors or slower generation. Please make sure that you have put `input_ids` to the correct device by calling for example input_ids = input_ids.to('cuda') before running `.generate()`.
  warnings.warn(
!!!!!!!!!! Running equiv_check
!!!!!!!!!! results/Qwen2.5-Coder-32B-Instruct/default-0.3-True/LinkedList53onedown.java.272
!!!!!!!!!! Running null_check
!!!!!!!!!! Entry 0
!!!!!!!!!! Running compile_check
!!!!!!!!!! Entry 0
!!!!!!!!!! Running fuzz_check
!!!!!!!!!! Entry 0
!!!!!!!!!! Running rdtp_check
!!!!!!!!!! Entry 0
/opt/conda/lib/python3.11/site-packages/transformers/generation/utils.py:2506: UserWarning: You are calling .generate() with the `input_ids` being on a device type different than your model's device. `input_ids` is on cpu, whereas the model is on cuda. You may experience unexpected behaviors or slower generation. Please make sure that you have put `input_ids` to the correct device by calling for example input_ids = input_ids.to('cuda') before running `.generate()`.
  warnings.warn(
!!!!!!!!!! Running equiv_check
!!!!!!!!!! results/Qwen2.5-Coder-32B-Instruct/default-0.3-True/LinkedList54onedown.java.273
!!!!!!!!!! Running null_check
!!!!!!!!!! Entry 0
!!!!!!!!!! Running compile_check
!!!!!!!!!! Entry 0
!!!!!!!!!! Running fuzz_check
!!!!!!!!!! Entry 0
!!!!!!!!!! Running rdtp_check
!!!!!!!!!! Entry 0
/opt/conda/lib/python3.11/site-packages/transformers/generation/utils.py:2506: UserWarning: You are calling .generate() with the `input_ids` being on a device type different than your model's device. `input_ids` is on cpu, whereas the model is on cuda. You may experience unexpected behaviors or slower generation. Please make sure that you have put `input_ids` to the correct device by calling for example input_ids = input_ids.to('cuda') before running `.generate()`.
  warnings.warn(
!!!!!!!!!! Running equiv_check
!!!!!!!!!! results/Qwen2.5-Coder-32B-Instruct/default-0.3-True/LinkedList55onedown.java.274
!!!!!!!!!! Running null_check
!!!!!!!!!! Entry 0
!!!!!!!!!! Running compile_check
!!!!!!!!!! Entry 0
!!!!!!!!!! Running fuzz_check
!!!!!!!!!! Entry 0
!!!!!!!!!! Running rdtp_check
!!!!!!!!!! Entry 0
/opt/conda/lib/python3.11/site-packages/transformers/generation/utils.py:2506: UserWarning: You are calling .generate() with the `input_ids` being on a device type different than your model's device. `input_ids` is on cpu, whereas the model is on cuda. You may experience unexpected behaviors or slower generation. Please make sure that you have put `input_ids` to the correct device by calling for example input_ids = input_ids.to('cuda') before running `.generate()`.
  warnings.warn(
!!!!!!!!!! Running equiv_check
!!!!!!!!!! Entry 0
!!!!!!!!!! results/Qwen2.5-Coder-32B-Instruct/default-0.3-True/LinkedList56onedown.java.275
!!!!!!!!!! Running null_check
!!!!!!!!!! Entry 0
!!!!!!!!!! Running compile_check
!!!!!!!!!! Entry 0
!!!!!!!!!! Running fuzz_check
!!!!!!!!!! Entry 0
!!!!!!!!!! Running rdtp_check
!!!!!!!!!! Entry 0
/opt/conda/lib/python3.11/site-packages/transformers/generation/utils.py:2506: UserWarning: You are calling .generate() with the `input_ids` being on a device type different than your model's device. `input_ids` is on cpu, whereas the model is on cuda. You may experience unexpected behaviors or slower generation. Please make sure that you have put `input_ids` to the correct device by calling for example input_ids = input_ids.to('cuda') before running `.generate()`.
  warnings.warn(
!!!!!!!!!! Running equiv_check
!!!!!!!!!! Entry 0
!!!!!!!!!! results/Qwen2.5-Coder-32B-Instruct/default-0.3-True/LinkedList57onedown.java.276
!!!!!!!!!! Running null_check
!!!!!!!!!! Entry 0
!!!!!!!!!! Entry 2
!!!!!!!!!! Running compile_check
!!!!!!!!!! Entry 0
!!!!!!!!!! Entry 2
!!!!!!!!!! Running fuzz_check
!!!!!!!!!! Entry 0
!!!!!!!!!! Entry 2
!!!!!!!!!! Running rdtp_check
!!!!!!!!!! Entry 0
/opt/conda/lib/python3.11/site-packages/transformers/generation/utils.py:2506: UserWarning: You are calling .generate() with the `input_ids` being on a device type different than your model's device. `input_ids` is on cpu, whereas the model is on cuda. You may experience unexpected behaviors or slower generation. Please make sure that you have put `input_ids` to the correct device by calling for example input_ids = input_ids.to('cuda') before running `.generate()`.
  warnings.warn(
!!!!!!!!!! Entry 2
!!!!!!!!!! Running equiv_check
!!!!!!!!!! results/Qwen2.5-Coder-32B-Instruct/default-0.3-True/LinkedList58onedown.java.277
!!!!!!!!!! Running null_check
!!!!!!!!!! Entry 0
!!!!!!!!!! Running compile_check
!!!!!!!!!! Entry 0
!!!!!!!!!! Running fuzz_check
!!!!!!!!!! Entry 0
!!!!!!!!!! Running rdtp_check
!!!!!!!!!! Entry 0
/opt/conda/lib/python3.11/site-packages/transformers/generation/utils.py:2506: UserWarning: You are calling .generate() with the `input_ids` being on a device type different than your model's device. `input_ids` is on cpu, whereas the model is on cuda. You may experience unexpected behaviors or slower generation. Please make sure that you have put `input_ids` to the correct device by calling for example input_ids = input_ids.to('cuda') before running `.generate()`.
  warnings.warn(
!!!!!!!!!! Running equiv_check
!!!!!!!!!! Entry 0
!!!!!!!!!! results/Qwen2.5-Coder-32B-Instruct/default-0.3-True/LinkedList59onedown.java.278
!!!!!!!!!! Running null_check
!!!!!!!!!! Entry 0
!!!!!!!!!! Running compile_check
!!!!!!!!!! Entry 0
!!!!!!!!!! Running fuzz_check
!!!!!!!!!! Running rdtp_check
!!!!!!!!!! Running equiv_check
!!!!!!!!!! results/Qwen2.5-Coder-32B-Instruct/default-0.3-True/LinkedList60onedown.java.279
!!!!!!!!!! Running null_check
!!!!!!!!!! Entry 0
!!!!!!!!!! Running compile_check
!!!!!!!!!! Entry 0
!!!!!!!!!! Running fuzz_check
!!!!!!!!!! Running rdtp_check
!!!!!!!!!! Running equiv_check
!!!!!!!!!! results/Qwen2.5-Coder-32B-Instruct/default-0.3-True/LinkedList61onedown.java.280
!!!!!!!!!! Running null_check
!!!!!!!!!! Entry 0
!!!!!!!!!! Running compile_check
!!!!!!!!!! Entry 0
!!!!!!!!!! Running fuzz_check
!!!!!!!!!! Entry 0
!!!!!!!!!! Running rdtp_check
!!!!!!!!!! Entry 0
/opt/conda/lib/python3.11/site-packages/transformers/generation/utils.py:2506: UserWarning: You are calling .generate() with the `input_ids` being on a device type different than your model's device. `input_ids` is on cpu, whereas the model is on cuda. You may experience unexpected behaviors or slower generation. Please make sure that you have put `input_ids` to the correct device by calling for example input_ids = input_ids.to('cuda') before running `.generate()`.
  warnings.warn(
!!!!!!!!!! Running equiv_check
!!!!!!!!!! results/Qwen2.5-Coder-32B-Instruct/default-0.3-True/LinkedList62onedown.java.281
!!!!!!!!!! Running null_check
!!!!!!!!!! Entry 0
!!!!!!!!!! Running compile_check
!!!!!!!!!! Entry 0
!!!!!!!!!! Running fuzz_check
!!!!!!!!!! Entry 0
!!!!!!!!!! Running rdtp_check
!!!!!!!!!! Entry 0
/opt/conda/lib/python3.11/site-packages/transformers/generation/utils.py:2506: UserWarning: You are calling .generate() with the `input_ids` being on a device type different than your model's device. `input_ids` is on cpu, whereas the model is on cuda. You may experience unexpected behaviors or slower generation. Please make sure that you have put `input_ids` to the correct device by calling for example input_ids = input_ids.to('cuda') before running `.generate()`.
  warnings.warn(
!!!!!!!!!! Running equiv_check
!!!!!!!!!! results/Qwen2.5-Coder-32B-Instruct/default-0.3-True/LinkedList63onedown.java.282
!!!!!!!!!! Running null_check
!!!!!!!!!! Entry 0
!!!!!!!!!! Running compile_check
!!!!!!!!!! Entry 0
!!!!!!!!!! Running fuzz_check
!!!!!!!!!! Entry 0
!!!!!!!!!! Running rdtp_check
!!!!!!!!!! Entry 0
/opt/conda/lib/python3.11/site-packages/transformers/generation/utils.py:2506: UserWarning: You are calling .generate() with the `input_ids` being on a device type different than your model's device. `input_ids` is on cpu, whereas the model is on cuda. You may experience unexpected behaviors or slower generation. Please make sure that you have put `input_ids` to the correct device by calling for example input_ids = input_ids.to('cuda') before running `.generate()`.
  warnings.warn(
!!!!!!!!!! Running equiv_check
!!!!!!!!!! results/Qwen2.5-Coder-32B-Instruct/default-0.3-True/LinkedList64onedown.java.283
!!!!!!!!!! Running null_check
!!!!!!!!!! Entry 0
!!!!!!!!!! Entry 1
!!!!!!!!!! Entry 2
!!!!!!!!!! Running compile_check
!!!!!!!!!! Entry 0
!!!!!!!!!! Entry 1
!!!!!!!!!! Entry 2
!!!!!!!!!! Running fuzz_check
!!!!!!!!!! Running rdtp_check
!!!!!!!!!! Running equiv_check
!!!!!!!!!! results/Qwen2.5-Coder-32B-Instruct/default-0.3-True/LinkedList65onedown.java.284
!!!!!!!!!! Running null_check
!!!!!!!!!! Entry 0
!!!!!!!!!! Running compile_check
!!!!!!!!!! Entry 0
!!!!!!!!!! Running fuzz_check
!!!!!!!!!! Entry 0
!!!!!!!!!! Running rdtp_check
!!!!!!!!!! Entry 0
/opt/conda/lib/python3.11/site-packages/transformers/generation/utils.py:2506: UserWarning: You are calling .generate() with the `input_ids` being on a device type different than your model's device. `input_ids` is on cpu, whereas the model is on cuda. You may experience unexpected behaviors or slower generation. Please make sure that you have put `input_ids` to the correct device by calling for example input_ids = input_ids.to('cuda') before running `.generate()`.
  warnings.warn(
!!!!!!!!!! Running equiv_check
!!!!!!!!!! results/Qwen2.5-Coder-32B-Instruct/default-0.3-True/LinkedList66onedown.java.285
!!!!!!!!!! Running null_check
!!!!!!!!!! Entry 0
!!!!!!!!!! Entry 1
!!!!!!!!!! Running compile_check
!!!!!!!!!! Entry 0
!!!!!!!!!! Entry 1
!!!!!!!!!! Running fuzz_check
!!!!!!!!!! Entry 0
!!!!!!!!!! Entry 1
!!!!!!!!!! Running rdtp_check
!!!!!!!!!! Entry 0
/opt/conda/lib/python3.11/site-packages/transformers/generation/utils.py:2506: UserWarning: You are calling .generate() with the `input_ids` being on a device type different than your model's device. `input_ids` is on cpu, whereas the model is on cuda. You may experience unexpected behaviors or slower generation. Please make sure that you have put `input_ids` to the correct device by calling for example input_ids = input_ids.to('cuda') before running `.generate()`.
  warnings.warn(
!!!!!!!!!! Entry 1
!!!!!!!!!! Running equiv_check
!!!!!!!!!! results/Qwen2.5-Coder-32B-Instruct/default-0.3-True/LinkedList67onedown.java.286
!!!!!!!!!! Running null_check
!!!!!!!!!! Entry 0
!!!!!!!!!! Running compile_check
!!!!!!!!!! Entry 0
!!!!!!!!!! Running fuzz_check
!!!!!!!!!! Entry 0
!!!!!!!!!! Running rdtp_check
!!!!!!!!!! Entry 0
/opt/conda/lib/python3.11/site-packages/transformers/generation/utils.py:2506: UserWarning: You are calling .generate() with the `input_ids` being on a device type different than your model's device. `input_ids` is on cpu, whereas the model is on cuda. You may experience unexpected behaviors or slower generation. Please make sure that you have put `input_ids` to the correct device by calling for example input_ids = input_ids.to('cuda') before running `.generate()`.
  warnings.warn(
!!!!!!!!!! Running equiv_check
!!!!!!!!!! results/Qwen2.5-Coder-32B-Instruct/default-0.3-True/LinkedList68onedown.java.287
!!!!!!!!!! Running null_check
!!!!!!!!!! Entry 0
!!!!!!!!!! Entry 1
!!!!!!!!!! Running compile_check
!!!!!!!!!! Entry 0
!!!!!!!!!! Entry 1
!!!!!!!!!! Running fuzz_check
!!!!!!!!!! Running rdtp_check
!!!!!!!!!! Running equiv_check
!!!!!!!!!! results/Qwen2.5-Coder-32B-Instruct/default-0.3-True/LinkedList69onedown.java.288
!!!!!!!!!! Running null_check
!!!!!!!!!! Entry 0
!!!!!!!!!! Running compile_check
!!!!!!!!!! Entry 0
!!!!!!!!!! Running fuzz_check
!!!!!!!!!! Entry 0
!!!!!!!!!! Running rdtp_check
!!!!!!!!!! Entry 0
/opt/conda/lib/python3.11/site-packages/transformers/generation/utils.py:2506: UserWarning: You are calling .generate() with the `input_ids` being on a device type different than your model's device. `input_ids` is on cpu, whereas the model is on cuda. You may experience unexpected behaviors or slower generation. Please make sure that you have put `input_ids` to the correct device by calling for example input_ids = input_ids.to('cuda') before running `.generate()`.
  warnings.warn(
!!!!!!!!!! Running equiv_check
!!!!!!!!!! results/Qwen2.5-Coder-32B-Instruct/default-0.3-True/LinkedList70onedown.java.289
!!!!!!!!!! Running null_check
!!!!!!!!!! Entry 0
!!!!!!!!!! Running compile_check
!!!!!!!!!! Entry 0
!!!!!!!!!! Running fuzz_check
!!!!!!!!!! Entry 0
!!!!!!!!!! Running rdtp_check
!!!!!!!!!! Entry 0
/opt/conda/lib/python3.11/site-packages/transformers/generation/utils.py:2506: UserWarning: You are calling .generate() with the `input_ids` being on a device type different than your model's device. `input_ids` is on cpu, whereas the model is on cuda. You may experience unexpected behaviors or slower generation. Please make sure that you have put `input_ids` to the correct device by calling for example input_ids = input_ids.to('cuda') before running `.generate()`.
  warnings.warn(
!!!!!!!!!! Running equiv_check
!!!!!!!!!! Entry 0
!!!!!!!!!! equiv check failure
!!!!!!!!!! results/Qwen2.5-Coder-32B-Instruct/default-0.3-True/LinkedList71onedown.java.290
!!!!!!!!!! Running null_check
!!!!!!!!!! Entry 0
!!!!!!!!!! Running compile_check
!!!!!!!!!! Entry 0
!!!!!!!!!! Running fuzz_check
!!!!!!!!!! Entry 0
!!!!!!!!!! Running rdtp_check
!!!!!!!!!! Entry 0
/opt/conda/lib/python3.11/site-packages/transformers/generation/utils.py:2506: UserWarning: You are calling .generate() with the `input_ids` being on a device type different than your model's device. `input_ids` is on cpu, whereas the model is on cuda. You may experience unexpected behaviors or slower generation. Please make sure that you have put `input_ids` to the correct device by calling for example input_ids = input_ids.to('cuda') before running `.generate()`.
  warnings.warn(
!!!!!!!!!! Running equiv_check
!!!!!!!!!! results/Qwen2.5-Coder-32B-Instruct/default-0.3-True/LinkedList72onedown.java.291
!!!!!!!!!! Running null_check
!!!!!!!!!! Entry 0
!!!!!!!!!! Running compile_check
!!!!!!!!!! Entry 0
!!!!!!!!!! Running fuzz_check
!!!!!!!!!! Entry 0
!!!!!!!!!! Running rdtp_check
!!!!!!!!!! Entry 0
/opt/conda/lib/python3.11/site-packages/transformers/generation/utils.py:2506: UserWarning: You are calling .generate() with the `input_ids` being on a device type different than your model's device. `input_ids` is on cpu, whereas the model is on cuda. You may experience unexpected behaviors or slower generation. Please make sure that you have put `input_ids` to the correct device by calling for example input_ids = input_ids.to('cuda') before running `.generate()`.
  warnings.warn(
!!!!!!!!!! Running equiv_check
!!!!!!!!!! Entry 0
!!!!!!!!!! equiv check failure
!!!!!!!!!! results/Qwen2.5-Coder-32B-Instruct/default-0.3-True/LinkedList73onedown.java.292
!!!!!!!!!! Running null_check
!!!!!!!!!! Entry 0
!!!!!!!!!! Entry 1
!!!!!!!!!! Running compile_check
!!!!!!!!!! Entry 0
!!!!!!!!!! Entry 1
!!!!!!!!!! Running fuzz_check
!!!!!!!!!! Entry 0
!!!!!!!!!! Entry 1
!!!!!!!!!! Running rdtp_check
!!!!!!!!!! Entry 0
/opt/conda/lib/python3.11/site-packages/transformers/generation/utils.py:2506: UserWarning: You are calling .generate() with the `input_ids` being on a device type different than your model's device. `input_ids` is on cpu, whereas the model is on cuda. You may experience unexpected behaviors or slower generation. Please make sure that you have put `input_ids` to the correct device by calling for example input_ids = input_ids.to('cuda') before running `.generate()`.
  warnings.warn(
!!!!!!!!!! Entry 1
!!!!!!!!!! Running equiv_check
!!!!!!!!!! Entry 0
!!!!!!!!!! Entry 1
!!!!!!!!!! results/Qwen2.5-Coder-32B-Instruct/default-0.3-True/LinkedList74onedown.java.293
!!!!!!!!!! Running null_check
!!!!!!!!!! Entry 0
!!!!!!!!!! Entry 1
!!!!!!!!!! Running compile_check
!!!!!!!!!! Entry 0
!!!!!!!!!! Entry 1
!!!!!!!!!! Running fuzz_check
!!!!!!!!!! Entry 0
!!!!!!!!!! Running rdtp_check
!!!!!!!!!! Running equiv_check
!!!!!!!!!! results/Qwen2.5-Coder-32B-Instruct/default-0.3-True/LinkedList75onedown.java.294
!!!!!!!!!! Running null_check
!!!!!!!!!! Entry 0
!!!!!!!!!! Running compile_check
!!!!!!!!!! Entry 0
!!!!!!!!!! Running fuzz_check
!!!!!!!!!! Running rdtp_check
!!!!!!!!!! Running equiv_check
!!!!!!!!!! results/Qwen2.5-Coder-32B-Instruct/default-0.3-True/LinkedList76onedown.java.295
!!!!!!!!!! Running null_check
!!!!!!!!!! Entry 0
!!!!!!!!!! Entry 1
!!!!!!!!!! Running compile_check
!!!!!!!!!! Entry 0
!!!!!!!!!! Entry 1
!!!!!!!!!! Running fuzz_check
!!!!!!!!!! Running rdtp_check
!!!!!!!!!! Running equiv_check
!!!!!!!!!! results/Qwen2.5-Coder-32B-Instruct/default-0.3-True/LinkedList77onedown.java.296
!!!!!!!!!! Running null_check
!!!!!!!!!! Entry 0
!!!!!!!!!! Running compile_check
!!!!!!!!!! Entry 0
!!!!!!!!!! Running fuzz_check
!!!!!!!!!! Running rdtp_check
!!!!!!!!!! Running equiv_check
!!!!!!!!!! results/Qwen2.5-Coder-32B-Instruct/default-0.3-True/ListOrderedSet1onedown.java.297
!!!!!!!!!! Running null_check
!!!!!!!!!! Entry 0
!!!!!!!!!! Running compile_check
!!!!!!!!!! Entry 0
!!!!!!!!!! Running fuzz_check
!!!!!!!!!! Entry 0
!!!!!!!!!! Running rdtp_check
!!!!!!!!!! Entry 0
/opt/conda/lib/python3.11/site-packages/transformers/generation/utils.py:2506: UserWarning: You are calling .generate() with the `input_ids` being on a device type different than your model's device. `input_ids` is on cpu, whereas the model is on cuda. You may experience unexpected behaviors or slower generation. Please make sure that you have put `input_ids` to the correct device by calling for example input_ids = input_ids.to('cuda') before running `.generate()`.
  warnings.warn(
!!!!!!!!!! Running equiv_check
!!!!!!!!!! results/Qwen2.5-Coder-32B-Instruct/default-0.3-True/ListOrderedSet2onedown.java.298
!!!!!!!!!! Running null_check
!!!!!!!!!! Entry 0
!!!!!!!!!! Running compile_check
!!!!!!!!!! Entry 0
!!!!!!!!!! Running fuzz_check
!!!!!!!!!! Entry 0
!!!!!!!!!! Running rdtp_check
!!!!!!!!!! Entry 0
/opt/conda/lib/python3.11/site-packages/transformers/generation/utils.py:2506: UserWarning: You are calling .generate() with the `input_ids` being on a device type different than your model's device. `input_ids` is on cpu, whereas the model is on cuda. You may experience unexpected behaviors or slower generation. Please make sure that you have put `input_ids` to the correct device by calling for example input_ids = input_ids.to('cuda') before running `.generate()`.
  warnings.warn(
!!!!!!!!!! Running equiv_check
!!!!!!!!!! Entry 0
!!!!!!!!!! results/Qwen2.5-Coder-32B-Instruct/default-0.3-True/ListOrderedSet3onedown.java.299
!!!!!!!!!! Running null_check
!!!!!!!!!! Entry 0
!!!!!!!!!! Running compile_check
!!!!!!!!!! Entry 0
!!!!!!!!!! Running fuzz_check
!!!!!!!!!! Running rdtp_check
!!!!!!!!!! Running equiv_check
!!!!!!!!!! results/Qwen2.5-Coder-32B-Instruct/default-0.3-True/ListOrderedSet4onedown.java.300
!!!!!!!!!! Running null_check
!!!!!!!!!! Entry 0
!!!!!!!!!! Entry 1
!!!!!!!!!! Entry 2
!!!!!!!!!! Running compile_check
!!!!!!!!!! Entry 0
!!!!!!!!!! Entry 1
!!!!!!!!!! Entry 2
!!!!!!!!!! Running fuzz_check
!!!!!!!!!! Running rdtp_check
!!!!!!!!!! Running equiv_check
!!!!!!!!!! results/Qwen2.5-Coder-32B-Instruct/default-0.3-True/ListOrderedSet5onedown.java.301
!!!!!!!!!! Running null_check
!!!!!!!!!! Entry 0
!!!!!!!!!! Entry 2
!!!!!!!!!! Running compile_check
!!!!!!!!!! Entry 0
!!!!!!!!!! Entry 2
!!!!!!!!!! Running fuzz_check
!!!!!!!!!! Running rdtp_check
!!!!!!!!!! Running equiv_check
!!!!!!!!!! results/Qwen2.5-Coder-32B-Instruct/default-0.3-True/ListOrderedSet6onedown.java.302
!!!!!!!!!! Running null_check
!!!!!!!!!! Entry 0
!!!!!!!!!! Running compile_check
!!!!!!!!!! Entry 0
!!!!!!!!!! Running fuzz_check
!!!!!!!!!! Running rdtp_check
!!!!!!!!!! Running equiv_check
!!!!!!!!!! results/Qwen2.5-Coder-32B-Instruct/default-0.3-True/ListOrderedSet7onedown.java.303
!!!!!!!!!! Running null_check
!!!!!!!!!! Entry 0
!!!!!!!!!! Running compile_check
!!!!!!!!!! Entry 0
!!!!!!!!!! Running fuzz_check
!!!!!!!!!! Running rdtp_check
!!!!!!!!!! Running equiv_check
!!!!!!!!!! results/Qwen2.5-Coder-32B-Instruct/default-0.3-True/ListOrderedSet8onedown.java.304
!!!!!!!!!! Running null_check
!!!!!!!!!! Entry 0
!!!!!!!!!! Running compile_check
!!!!!!!!!! Entry 0
!!!!!!!!!! Running fuzz_check
!!!!!!!!!! Running rdtp_check
!!!!!!!!!! Running equiv_check
!!!!!!!!!! results/Qwen2.5-Coder-32B-Instruct/default-0.3-True/ListOrderedSet9onedown.java.305
!!!!!!!!!! Running null_check
!!!!!!!!!! Entry 0
!!!!!!!!!! Running compile_check
!!!!!!!!!! Entry 0
!!!!!!!!!! Running fuzz_check
!!!!!!!!!! Running rdtp_check
!!!!!!!!!! Running equiv_check
!!!!!!!!!! results/Qwen2.5-Coder-32B-Instruct/default-0.3-True/ListOrderedSet10onedown.java.306
!!!!!!!!!! Running null_check
!!!!!!!!!! Entry 0
!!!!!!!!!! Running compile_check
!!!!!!!!!! Entry 0
!!!!!!!!!! Running fuzz_check
!!!!!!!!!! Running rdtp_check
!!!!!!!!!! Running equiv_check
!!!!!!!!!! results/Qwen2.5-Coder-32B-Instruct/default-0.3-True/ListOrderedSet11onedown.java.307
!!!!!!!!!! Running null_check
!!!!!!!!!! Entry 0
!!!!!!!!!! Entry 1
!!!!!!!!!! Running compile_check
!!!!!!!!!! Entry 0
!!!!!!!!!! Entry 1
!!!!!!!!!! Running fuzz_check
!!!!!!!!!! Running rdtp_check
!!!!!!!!!! Running equiv_check
!!!!!!!!!! results/Qwen2.5-Coder-32B-Instruct/default-0.3-True/ListOrderedSet12onedown.java.308
!!!!!!!!!! Running null_check
!!!!!!!!!! Entry 0
!!!!!!!!!! Running compile_check
!!!!!!!!!! Entry 0
!!!!!!!!!! Running fuzz_check
!!!!!!!!!! Running rdtp_check
!!!!!!!!!! Running equiv_check
!!!!!!!!!! results/Qwen2.5-Coder-32B-Instruct/default-0.3-True/ListOrderedSet13onedown.java.309
!!!!!!!!!! Running null_check
!!!!!!!!!! Entry 0
!!!!!!!!!! Running compile_check
!!!!!!!!!! Entry 0
!!!!!!!!!! Running fuzz_check
!!!!!!!!!! Entry 0
!!!!!!!!!! Running rdtp_check
!!!!!!!!!! Entry 0
/opt/conda/lib/python3.11/site-packages/transformers/generation/utils.py:2506: UserWarning: You are calling .generate() with the `input_ids` being on a device type different than your model's device. `input_ids` is on cpu, whereas the model is on cuda. You may experience unexpected behaviors or slower generation. Please make sure that you have put `input_ids` to the correct device by calling for example input_ids = input_ids.to('cuda') before running `.generate()`.
  warnings.warn(
!!!!!!!!!! Running equiv_check
!!!!!!!!!! Entry 0
Error in entry 0: Assertion not in the required format
!!!!!!!!!! results/Qwen2.5-Coder-32B-Instruct/default-0.3-True/Path1onedown.java.310
!!!!!!!!!! Running null_check
!!!!!!!!!! Entry 0
!!!!!!!!!! Running compile_check
!!!!!!!!!! Entry 0
!!!!!!!!!! Running fuzz_check
!!!!!!!!!! Running rdtp_check
!!!!!!!!!! Running equiv_check
!!!!!!!!!! results/Qwen2.5-Coder-32B-Instruct/default-0.3-True/Path2onedown.java.311
!!!!!!!!!! Running null_check
!!!!!!!!!! Entry 0
!!!!!!!!!! Running compile_check
!!!!!!!!!! Entry 0
!!!!!!!!!! Running fuzz_check
!!!!!!!!!! Running rdtp_check
!!!!!!!!!! Running equiv_check
!!!!!!!!!! results/Qwen2.5-Coder-32B-Instruct/default-0.3-True/Path3onedown.java.312
!!!!!!!!!! Running null_check
!!!!!!!!!! Entry 0
!!!!!!!!!! Running compile_check
!!!!!!!!!! Entry 0
!!!!!!!!!! Running fuzz_check
!!!!!!!!!! Running rdtp_check
!!!!!!!!!! Running equiv_check
!!!!!!!!!! results/Qwen2.5-Coder-32B-Instruct/default-0.3-True/Path4onedown.java.313
!!!!!!!!!! Running null_check
!!!!!!!!!! Entry 0
!!!!!!!!!! Running compile_check
!!!!!!!!!! Entry 0
!!!!!!!!!! Running fuzz_check
!!!!!!!!!! Running rdtp_check
!!!!!!!!!! Running equiv_check
!!!!!!!!!! results/Qwen2.5-Coder-32B-Instruct/default-0.3-True/Path5onedown.java.314
!!!!!!!!!! Running null_check
!!!!!!!!!! Entry 0
!!!!!!!!!! Running compile_check
!!!!!!!!!! Entry 0
!!!!!!!!!! Running fuzz_check
!!!!!!!!!! Running rdtp_check
!!!!!!!!!! Running equiv_check
!!!!!!!!!! results/Qwen2.5-Coder-32B-Instruct/default-0.3-True/Path6onedown.java.315
!!!!!!!!!! Running null_check
!!!!!!!!!! Entry 0
!!!!!!!!!! Running compile_check
!!!!!!!!!! Entry 0
!!!!!!!!!! Running fuzz_check
!!!!!!!!!! Running rdtp_check
!!!!!!!!!! Running equiv_check
!!!!!!!!!! results/Qwen2.5-Coder-32B-Instruct/default-0.3-True/Path7onedown.java.316
!!!!!!!!!! Running null_check
!!!!!!!!!! Entry 0
!!!!!!!!!! Running compile_check
!!!!!!!!!! Entry 0
!!!!!!!!!! Running fuzz_check
!!!!!!!!!! Running rdtp_check
!!!!!!!!!! Running equiv_check
!!!!!!!!!! results/Qwen2.5-Coder-32B-Instruct/default-0.3-True/Path8onedown.java.317
!!!!!!!!!! Running null_check
!!!!!!!!!! Entry 0
!!!!!!!!!! Running compile_check
!!!!!!!!!! Entry 0
!!!!!!!!!! Running fuzz_check
!!!!!!!!!! Running rdtp_check
!!!!!!!!!! Running equiv_check
!!!!!!!!!! results/Qwen2.5-Coder-32B-Instruct/default-0.3-True/PriorityQueue1onedown.java.318
!!!!!!!!!! Running null_check
!!!!!!!!!! Entry 0
!!!!!!!!!! Running compile_check
!!!!!!!!!! Entry 0
!!!!!!!!!! Running fuzz_check
!!!!!!!!!! Running rdtp_check
!!!!!!!!!! Running equiv_check
!!!!!!!!!! results/Qwen2.5-Coder-32B-Instruct/default-0.3-True/PriorityQueue2onedown.java.319
!!!!!!!!!! Running null_check
!!!!!!!!!! Entry 0
!!!!!!!!!! Running compile_check
!!!!!!!!!! Entry 0
!!!!!!!!!! Running fuzz_check
!!!!!!!!!! Running rdtp_check
!!!!!!!!!! Running equiv_check
!!!!!!!!!! results/Qwen2.5-Coder-32B-Instruct/default-0.3-True/PriorityQueue3onedown.java.320
!!!!!!!!!! Running null_check
!!!!!!!!!! Entry 0
!!!!!!!!!! Running compile_check
!!!!!!!!!! Entry 0
!!!!!!!!!! Running fuzz_check
!!!!!!!!!! Running rdtp_check
!!!!!!!!!! Running equiv_check
!!!!!!!!!! results/Qwen2.5-Coder-32B-Instruct/default-0.3-True/PriorityQueue4onedown.java.321
!!!!!!!!!! Running null_check
!!!!!!!!!! Entry 0
!!!!!!!!!! Entry 2
!!!!!!!!!! Running compile_check
!!!!!!!!!! Entry 0
Error in entry 0: Only int type is supported for forall quantifier
!!!!!!!!!! Entry 2
Error in entry 2: Only int type is supported for forall quantifier
!!!!!!!!!! Running fuzz_check
!!!!!!!!!! Running rdtp_check
!!!!!!!!!! Running equiv_check
!!!!!!!!!! results/Qwen2.5-Coder-32B-Instruct/default-0.3-True/PriorityQueue5onedown.java.322
!!!!!!!!!! Running null_check
!!!!!!!!!! Entry 0
!!!!!!!!!! Running compile_check
!!!!!!!!!! Entry 0
!!!!!!!!!! Running fuzz_check
!!!!!!!!!! Running rdtp_check
!!!!!!!!!! Running equiv_check
!!!!!!!!!! results/Qwen2.5-Coder-32B-Instruct/default-0.3-True/PriorityQueue6onedown.java.323
!!!!!!!!!! Running null_check
!!!!!!!!!! Entry 0
!!!!!!!!!! Running compile_check
!!!!!!!!!! Entry 0
!!!!!!!!!! Running fuzz_check
!!!!!!!!!! Running rdtp_check
!!!!!!!!!! Running equiv_check
!!!!!!!!!! results/Qwen2.5-Coder-32B-Instruct/default-0.3-True/PriorityQueue7onedown.java.324
!!!!!!!!!! Running null_check
!!!!!!!!!! Entry 0
!!!!!!!!!! Running compile_check
!!!!!!!!!! Entry 0
!!!!!!!!!! Running fuzz_check
!!!!!!!!!! Running rdtp_check
!!!!!!!!!! Running equiv_check
!!!!!!!!!! results/Qwen2.5-Coder-32B-Instruct/default-0.3-True/PriorityQueue8onedown.java.325
!!!!!!!!!! Running null_check
!!!!!!!!!! Entry 0
!!!!!!!!!! Running compile_check
!!!!!!!!!! Entry 0
!!!!!!!!!! Running fuzz_check
!!!!!!!!!! Running rdtp_check
!!!!!!!!!! Running equiv_check
!!!!!!!!!! results/Qwen2.5-Coder-32B-Instruct/default-0.3-True/PriorityQueue9onedown.java.326
!!!!!!!!!! Running null_check
!!!!!!!!!! Entry 0
!!!!!!!!!! Running compile_check
!!!!!!!!!! Entry 0
!!!!!!!!!! Running fuzz_check
!!!!!!!!!! Running rdtp_check
!!!!!!!!!! Running equiv_check
!!!!!!!!!! results/Qwen2.5-Coder-32B-Instruct/default-0.3-True/PriorityQueue10onedown.java.327
!!!!!!!!!! Running null_check
!!!!!!!!!! Entry 0
!!!!!!!!!! Running compile_check
!!!!!!!!!! Entry 0
!!!!!!!!!! Running fuzz_check
!!!!!!!!!! Running rdtp_check
!!!!!!!!!! Running equiv_check
!!!!!!!!!! results/Qwen2.5-Coder-32B-Instruct/default-0.3-True/PriorityQueue11onedown.java.328
!!!!!!!!!! Running null_check
!!!!!!!!!! Entry 0
!!!!!!!!!! Running compile_check
!!!!!!!!!! Entry 0
!!!!!!!!!! Running fuzz_check
!!!!!!!!!! Running rdtp_check
!!!!!!!!!! Running equiv_check
!!!!!!!!!! results/Qwen2.5-Coder-32B-Instruct/default-0.3-True/PriorityQueue12onedown.java.329
!!!!!!!!!! Running null_check
!!!!!!!!!! Entry 0
!!!!!!!!!! Running compile_check
!!!!!!!!!! Entry 0
!!!!!!!!!! Running fuzz_check
!!!!!!!!!! Running rdtp_check
!!!!!!!!!! Running equiv_check
!!!!!!!!!! results/Qwen2.5-Coder-32B-Instruct/default-0.3-True/PriorityQueue13onedown.java.330
!!!!!!!!!! Running null_check
!!!!!!!!!! Entry 0
!!!!!!!!!! Running compile_check
!!!!!!!!!! Entry 0
!!!!!!!!!! Running fuzz_check
!!!!!!!!!! Running rdtp_check
!!!!!!!!!! Running equiv_check
!!!!!!!!!! results/Qwen2.5-Coder-32B-Instruct/default-0.3-True/PriorityQueue14onedown.java.331
!!!!!!!!!! Running null_check
!!!!!!!!!! Entry 0
!!!!!!!!!! Running compile_check
!!!!!!!!!! Entry 0
!!!!!!!!!! Running fuzz_check
!!!!!!!!!! Running rdtp_check
!!!!!!!!!! Running equiv_check
!!!!!!!!!! results/Qwen2.5-Coder-32B-Instruct/default-0.3-True/PriorityQueue15onedown.java.332
!!!!!!!!!! Running null_check
!!!!!!!!!! Entry 0
!!!!!!!!!! Running compile_check
!!!!!!!!!! Entry 0
!!!!!!!!!! Running fuzz_check
!!!!!!!!!! Running rdtp_check
!!!!!!!!!! Running equiv_check
!!!!!!!!!! results/Qwen2.5-Coder-32B-Instruct/default-0.3-True/PriorityQueue16onedown.java.333
!!!!!!!!!! Running null_check
!!!!!!!!!! Entry 0
!!!!!!!!!! Running compile_check
!!!!!!!!!! Entry 0
!!!!!!!!!! Running fuzz_check
!!!!!!!!!! Running rdtp_check
!!!!!!!!!! Running equiv_check
!!!!!!!!!! results/Qwen2.5-Coder-32B-Instruct/default-0.3-True/PriorityQueue17onedown.java.334
!!!!!!!!!! Running null_check
!!!!!!!!!! Entry 0
!!!!!!!!!! Entry 2
!!!!!!!!!! Running compile_check
!!!!!!!!!! Entry 0
!!!!!!!!!! Entry 2
!!!!!!!!!! Running fuzz_check
!!!!!!!!!! Running rdtp_check
!!!!!!!!!! Running equiv_check
!!!!!!!!!! results/Qwen2.5-Coder-32B-Instruct/default-0.3-True/PriorityQueue18onedown.java.335
!!!!!!!!!! Running null_check
!!!!!!!!!! Entry 0
!!!!!!!!!! Running compile_check
!!!!!!!!!! Entry 0
!!!!!!!!!! Running fuzz_check
!!!!!!!!!! Running rdtp_check
!!!!!!!!!! Running equiv_check
!!!!!!!!!! results/Qwen2.5-Coder-32B-Instruct/default-0.3-True/PriorityQueue19onedown.java.336
!!!!!!!!!! Running null_check
!!!!!!!!!! Entry 0
!!!!!!!!!! Running compile_check
!!!!!!!!!! Entry 0
!!!!!!!!!! Running fuzz_check
!!!!!!!!!! Running rdtp_check
!!!!!!!!!! Running equiv_check
!!!!!!!!!! results/Qwen2.5-Coder-32B-Instruct/default-0.3-True/PriorityQueue20onedown.java.337
!!!!!!!!!! Running null_check
!!!!!!!!!! Entry 0
!!!!!!!!!! Running compile_check
!!!!!!!!!! Entry 0
!!!!!!!!!! Running fuzz_check
!!!!!!!!!! Running rdtp_check
!!!!!!!!!! Running equiv_check
!!!!!!!!!! results/Qwen2.5-Coder-32B-Instruct/default-0.3-True/PriorityQueue21onedown.java.338
!!!!!!!!!! Running null_check
!!!!!!!!!! Entry 0
!!!!!!!!!! Running compile_check
!!!!!!!!!! Entry 0
!!!!!!!!!! Running fuzz_check
!!!!!!!!!! Running rdtp_check
!!!!!!!!!! Running equiv_check
!!!!!!!!!! results/Qwen2.5-Coder-32B-Instruct/default-0.3-True/PriorityQueue22onedown.java.339
!!!!!!!!!! Running null_check
!!!!!!!!!! Entry 0
!!!!!!!!!! Running compile_check
!!!!!!!!!! Entry 0
!!!!!!!!!! Running fuzz_check
!!!!!!!!!! Running rdtp_check
!!!!!!!!!! Running equiv_check
!!!!!!!!!! results/Qwen2.5-Coder-32B-Instruct/default-0.3-True/PriorityQueue23onedown.java.340
!!!!!!!!!! Running null_check
!!!!!!!!!! Entry 0
!!!!!!!!!! Entry 1
!!!!!!!!!! Entry 2
!!!!!!!!!! Running compile_check
!!!!!!!!!! Entry 0
!!!!!!!!!! Entry 1
!!!!!!!!!! Entry 2
Error in entry 2: pop from empty list
!!!!!!!!!! Running fuzz_check
!!!!!!!!!! Running rdtp_check
!!!!!!!!!! Running equiv_check
!!!!!!!!!! results/Qwen2.5-Coder-32B-Instruct/default-0.3-True/PriorityQueue24onedown.java.341
!!!!!!!!!! Running null_check
!!!!!!!!!! Entry 0
!!!!!!!!!! Running compile_check
!!!!!!!!!! Entry 0
!!!!!!!!!! Running fuzz_check
!!!!!!!!!! Running rdtp_check
!!!!!!!!!! Running equiv_check
!!!!!!!!!! results/Qwen2.5-Coder-32B-Instruct/default-0.3-True/PriorityQueue25onedown.java.342
!!!!!!!!!! Running null_check
!!!!!!!!!! Entry 0
!!!!!!!!!! Running compile_check
!!!!!!!!!! Entry 0
!!!!!!!!!! Running fuzz_check
!!!!!!!!!! Running rdtp_check
!!!!!!!!!! Running equiv_check
!!!!!!!!!! results/Qwen2.5-Coder-32B-Instruct/default-0.3-True/PriorityQueue26onedown.java.343
!!!!!!!!!! Running null_check
!!!!!!!!!! Entry 0
!!!!!!!!!! Running compile_check
!!!!!!!!!! Entry 0
!!!!!!!!!! Running fuzz_check
!!!!!!!!!! Running rdtp_check
!!!!!!!!!! Running equiv_check
!!!!!!!!!! results/Qwen2.5-Coder-32B-Instruct/default-0.3-True/PriorityQueue27onedown.java.344
!!!!!!!!!! Running null_check
!!!!!!!!!! Entry 0
!!!!!!!!!! Running compile_check
!!!!!!!!!! Entry 0
!!!!!!!!!! Running fuzz_check
!!!!!!!!!! Running rdtp_check
!!!!!!!!!! Running equiv_check
!!!!!!!!!! results/Qwen2.5-Coder-32B-Instruct/default-0.3-True/PriorityQueue28onedown.java.345
!!!!!!!!!! Running null_check
!!!!!!!!!! Entry 0
!!!!!!!!!! Running compile_check
!!!!!!!!!! Entry 0
!!!!!!!!!! Running fuzz_check
!!!!!!!!!! Running rdtp_check
!!!!!!!!!! Running equiv_check
!!!!!!!!!! results/Qwen2.5-Coder-32B-Instruct/default-0.3-True/RoleList1onedown.java.346
!!!!!!!!!! Running null_check
!!!!!!!!!! Entry 0
!!!!!!!!!! Running compile_check
!!!!!!!!!! Entry 0
!!!!!!!!!! Running fuzz_check
!!!!!!!!!! Running rdtp_check
!!!!!!!!!! Running equiv_check
!!!!!!!!!! results/Qwen2.5-Coder-32B-Instruct/default-0.3-True/RoleList2onedown.java.347
!!!!!!!!!! Running null_check
!!!!!!!!!! Entry 0
!!!!!!!!!! Running compile_check
!!!!!!!!!! Entry 0
!!!!!!!!!! Running fuzz_check
!!!!!!!!!! Running rdtp_check
!!!!!!!!!! Running equiv_check
!!!!!!!!!! results/Qwen2.5-Coder-32B-Instruct/default-0.3-True/RoleList3onedown.java.348
!!!!!!!!!! Running null_check
!!!!!!!!!! Entry 0
!!!!!!!!!! Running compile_check
!!!!!!!!!! Entry 0
!!!!!!!!!! Running fuzz_check
!!!!!!!!!! Running rdtp_check
!!!!!!!!!! Running equiv_check
!!!!!!!!!! results/Qwen2.5-Coder-32B-Instruct/default-0.3-True/RoleList4onedown.java.349
!!!!!!!!!! Running null_check
!!!!!!!!!! Entry 0
!!!!!!!!!! Running compile_check
!!!!!!!!!! Entry 0
!!!!!!!!!! Running fuzz_check
!!!!!!!!!! Running rdtp_check
!!!!!!!!!! Running equiv_check
!!!!!!!!!! results/Qwen2.5-Coder-32B-Instruct/default-0.3-True/RoleList5onedown.java.350
!!!!!!!!!! Running null_check
!!!!!!!!!! Entry 0
!!!!!!!!!! Running compile_check
!!!!!!!!!! Entry 0
!!!!!!!!!! Running fuzz_check
!!!!!!!!!! Running rdtp_check
!!!!!!!!!! Running equiv_check
!!!!!!!!!! results/Qwen2.5-Coder-32B-Instruct/default-0.3-True/RoleList6onedown.java.351
!!!!!!!!!! Running null_check
!!!!!!!!!! Entry 0
!!!!!!!!!! Running compile_check
!!!!!!!!!! Entry 0
!!!!!!!!!! Running fuzz_check
!!!!!!!!!! Running rdtp_check
!!!!!!!!!! Running equiv_check
!!!!!!!!!! results/Qwen2.5-Coder-32B-Instruct/default-0.3-True/RoleList7onedown.java.352
!!!!!!!!!! Running null_check
!!!!!!!!!! Entry 0
!!!!!!!!!! Entry 1
!!!!!!!!!! Running compile_check
!!!!!!!!!! Entry 0
!!!!!!!!!! Entry 1
!!!!!!!!!! Running fuzz_check
!!!!!!!!!! Running rdtp_check
!!!!!!!!!! Running equiv_check
!!!!!!!!!! results/Qwen2.5-Coder-32B-Instruct/default-0.3-True/RoleList8onedown.java.353
!!!!!!!!!! Running null_check
!!!!!!!!!! Entry 0
!!!!!!!!!! Running compile_check
!!!!!!!!!! Entry 0
!!!!!!!!!! Running fuzz_check
!!!!!!!!!! Running rdtp_check
!!!!!!!!!! Running equiv_check
!!!!!!!!!! results/Qwen2.5-Coder-32B-Instruct/default-0.3-True/RoleList9onedown.java.354
!!!!!!!!!! Running null_check
!!!!!!!!!! Entry 0
!!!!!!!!!! Entry 2
!!!!!!!!!! Running compile_check
!!!!!!!!!! Entry 0
!!!!!!!!!! Entry 2
!!!!!!!!!! Running fuzz_check
!!!!!!!!!! Running rdtp_check
!!!!!!!!!! Running equiv_check
!!!!!!!!!! results/Qwen2.5-Coder-32B-Instruct/default-0.3-True/RoleList10onedown.java.355
!!!!!!!!!! Running null_check
!!!!!!!!!! Entry 0
!!!!!!!!!! Entry 1
!!!!!!!!!! Running compile_check
!!!!!!!!!! Entry 0
!!!!!!!!!! Entry 1
!!!!!!!!!! Running fuzz_check
!!!!!!!!!! Running rdtp_check
!!!!!!!!!! Running equiv_check
!!!!!!!!!! results/Qwen2.5-Coder-32B-Instruct/default-0.3-True/RoleList11onedown.java.356
!!!!!!!!!! Running null_check
!!!!!!!!!! Entry 0
!!!!!!!!!! Running compile_check
!!!!!!!!!! Entry 0
!!!!!!!!!! Running fuzz_check
!!!!!!!!!! Running rdtp_check
!!!!!!!!!! Running equiv_check
!!!!!!!!!! results/Qwen2.5-Coder-32B-Instruct/default-0.3-True/RoleList12onedown.java.357
!!!!!!!!!! Running null_check
!!!!!!!!!! Entry 0
!!!!!!!!!! Running compile_check
!!!!!!!!!! Entry 0
!!!!!!!!!! Running fuzz_check
!!!!!!!!!! Running rdtp_check
!!!!!!!!!! Running equiv_check
!!!!!!!!!! results/Qwen2.5-Coder-32B-Instruct/default-0.3-True/RoleList13onedown.java.358
!!!!!!!!!! Running null_check
!!!!!!!!!! Entry 0
!!!!!!!!!! Running compile_check
!!!!!!!!!! Entry 0
!!!!!!!!!! Running fuzz_check
!!!!!!!!!! Running rdtp_check
!!!!!!!!!! Running equiv_check
!!!!!!!!!! results/Qwen2.5-Coder-32B-Instruct/default-0.3-True/RoleList14onedown.java.359
!!!!!!!!!! Running null_check
!!!!!!!!!! Entry 0
!!!!!!!!!! Running compile_check
!!!!!!!!!! Entry 0
!!!!!!!!!! Running fuzz_check
!!!!!!!!!! Running rdtp_check
!!!!!!!!!! Running equiv_check
!!!!!!!!!! results/Qwen2.5-Coder-32B-Instruct/default-0.3-True/RoleList15onedown.java.360
!!!!!!!!!! Running null_check
!!!!!!!!!! Entry 0
!!!!!!!!!! Entry 1
!!!!!!!!!! Running compile_check
!!!!!!!!!! Entry 0
!!!!!!!!!! Entry 1
!!!!!!!!!! Running fuzz_check
!!!!!!!!!! Running rdtp_check
!!!!!!!!!! Running equiv_check
!!!!!!!!!! results/Qwen2.5-Coder-32B-Instruct/default-0.3-True/RoleList16onedown.java.361
!!!!!!!!!! Running null_check
!!!!!!!!!! Entry 0
!!!!!!!!!! Running compile_check
!!!!!!!!!! Entry 0
!!!!!!!!!! Running fuzz_check
!!!!!!!!!! Running rdtp_check
!!!!!!!!!! Running equiv_check
!!!!!!!!!! results/Qwen2.5-Coder-32B-Instruct/default-0.3-True/RoleList17onedown.java.362
!!!!!!!!!! Running null_check
!!!!!!!!!! Entry 0
!!!!!!!!!! Entry 1
!!!!!!!!!! Running compile_check
!!!!!!!!!! Entry 0
!!!!!!!!!! Entry 1
!!!!!!!!!! Running fuzz_check
!!!!!!!!!! Running rdtp_check
!!!!!!!!!! Running equiv_check
!!!!!!!!!! results/Qwen2.5-Coder-32B-Instruct/default-0.3-True/RoleList18onedown.java.363
!!!!!!!!!! Running null_check
!!!!!!!!!! Entry 0
!!!!!!!!!! Running compile_check
!!!!!!!!!! Entry 0
!!!!!!!!!! Running fuzz_check
!!!!!!!!!! Running rdtp_check
!!!!!!!!!! Running equiv_check
!!!!!!!!!! results/Qwen2.5-Coder-32B-Instruct/default-0.3-True/RoleList19onedown.java.364
!!!!!!!!!! Running null_check
!!!!!!!!!! Entry 0
!!!!!!!!!! Entry 2
!!!!!!!!!! Running compile_check
!!!!!!!!!! Entry 0
!!!!!!!!!! Entry 2
!!!!!!!!!! Running fuzz_check
!!!!!!!!!! Running rdtp_check
!!!!!!!!!! Running equiv_check
!!!!!!!!!! results/Qwen2.5-Coder-32B-Instruct/default-0.3-True/RoleList20onedown.java.365
!!!!!!!!!! Running null_check
!!!!!!!!!! Entry 0
!!!!!!!!!! Running compile_check
!!!!!!!!!! Entry 0
!!!!!!!!!! Running fuzz_check
!!!!!!!!!! Running rdtp_check
!!!!!!!!!! Running equiv_check
!!!!!!!!!! results/Qwen2.5-Coder-32B-Instruct/default-0.3-True/RoleList21onedown.java.366
!!!!!!!!!! Running null_check
!!!!!!!!!! Entry 0
!!!!!!!!!! Entry 2
!!!!!!!!!! Running compile_check
!!!!!!!!!! Entry 0
!!!!!!!!!! Entry 2
!!!!!!!!!! Running fuzz_check
!!!!!!!!!! Running rdtp_check
!!!!!!!!!! Running equiv_check
!!!!!!!!!! results/Qwen2.5-Coder-32B-Instruct/default-0.3-True/RoleList22onedown.java.367
!!!!!!!!!! Running null_check
!!!!!!!!!! Entry 0
!!!!!!!!!! Running compile_check
!!!!!!!!!! Entry 0
!!!!!!!!!! Running fuzz_check
!!!!!!!!!! Running rdtp_check
!!!!!!!!!! Running equiv_check
!!!!!!!!!! results/Qwen2.5-Coder-32B-Instruct/default-0.3-True/RoleList23onedown.java.368
!!!!!!!!!! Running null_check
!!!!!!!!!! Entry 0
!!!!!!!!!! Running compile_check
!!!!!!!!!! Entry 0
!!!!!!!!!! Running fuzz_check
!!!!!!!!!! Running rdtp_check
!!!!!!!!!! Running equiv_check
!!!!!!!!!! results/Qwen2.5-Coder-32B-Instruct/default-0.3-True/RoleList24onedown.java.369
!!!!!!!!!! Running null_check
!!!!!!!!!! Entry 0
!!!!!!!!!! Entry 1
!!!!!!!!!! Running compile_check
!!!!!!!!!! Entry 0
!!!!!!!!!! Entry 1
!!!!!!!!!! Running fuzz_check
!!!!!!!!!! Running rdtp_check
!!!!!!!!!! Running equiv_check
!!!!!!!!!! results/Qwen2.5-Coder-32B-Instruct/default-0.3-True/RoleList25onedown.java.370
!!!!!!!!!! Running null_check
!!!!!!!!!! Entry 0
!!!!!!!!!! Entry 2
!!!!!!!!!! Running compile_check
!!!!!!!!!! Entry 0
!!!!!!!!!! Entry 2
!!!!!!!!!! Running fuzz_check
!!!!!!!!!! Running rdtp_check
!!!!!!!!!! Running equiv_check
!!!!!!!!!! results/Qwen2.5-Coder-32B-Instruct/default-0.3-True/RoleList26onedown.java.371
!!!!!!!!!! Running null_check
!!!!!!!!!! Entry 0
!!!!!!!!!! Running compile_check
!!!!!!!!!! Entry 0
Error in entry 0: pop from empty list
!!!!!!!!!! Running fuzz_check
!!!!!!!!!! Running rdtp_check
!!!!!!!!!! Running equiv_check
!!!!!!!!!! results/Qwen2.5-Coder-32B-Instruct/default-0.3-True/RoleUnresolvedList1onedown.java.372
!!!!!!!!!! Running null_check
!!!!!!!!!! Entry 0
!!!!!!!!!! Running compile_check
!!!!!!!!!! Entry 0
!!!!!!!!!! Running fuzz_check
!!!!!!!!!! Running rdtp_check
!!!!!!!!!! Running equiv_check
!!!!!!!!!! results/Qwen2.5-Coder-32B-Instruct/default-0.3-True/RoleUnresolvedList2onedown.java.373
!!!!!!!!!! Running null_check
!!!!!!!!!! Entry 0
!!!!!!!!!! Running compile_check
!!!!!!!!!! Entry 0
!!!!!!!!!! Running fuzz_check
!!!!!!!!!! Running rdtp_check
!!!!!!!!!! Running equiv_check
!!!!!!!!!! results/Qwen2.5-Coder-32B-Instruct/default-0.3-True/RoleUnresolvedList3onedown.java.374
!!!!!!!!!! Running null_check
!!!!!!!!!! Entry 0
!!!!!!!!!! Running compile_check
!!!!!!!!!! Entry 0
!!!!!!!!!! Running fuzz_check
!!!!!!!!!! Running rdtp_check
!!!!!!!!!! Running equiv_check
!!!!!!!!!! results/Qwen2.5-Coder-32B-Instruct/default-0.3-True/RoleUnresolvedList4onedown.java.375
!!!!!!!!!! Running null_check
!!!!!!!!!! Entry 0
!!!!!!!!!! Running compile_check
!!!!!!!!!! Entry 0
!!!!!!!!!! Running fuzz_check
!!!!!!!!!! Running rdtp_check
!!!!!!!!!! Running equiv_check
!!!!!!!!!! results/Qwen2.5-Coder-32B-Instruct/default-0.3-True/RoleUnresolvedList5onedown.java.376
!!!!!!!!!! Running null_check
!!!!!!!!!! Entry 0
!!!!!!!!!! Running compile_check
!!!!!!!!!! Entry 0
!!!!!!!!!! Running fuzz_check
!!!!!!!!!! Running rdtp_check
!!!!!!!!!! Running equiv_check
!!!!!!!!!! results/Qwen2.5-Coder-32B-Instruct/default-0.3-True/RoleUnresolvedList6onedown.java.377
!!!!!!!!!! Running null_check
!!!!!!!!!! Entry 0
!!!!!!!!!! Running compile_check
!!!!!!!!!! Entry 0
!!!!!!!!!! Running fuzz_check
!!!!!!!!!! Running rdtp_check
!!!!!!!!!! Running equiv_check
!!!!!!!!!! results/Qwen2.5-Coder-32B-Instruct/default-0.3-True/RoleUnresolvedList7onedown.java.378
!!!!!!!!!! Running null_check
!!!!!!!!!! Entry 0
!!!!!!!!!! Running compile_check
!!!!!!!!!! Entry 0
!!!!!!!!!! Running fuzz_check
!!!!!!!!!! Running rdtp_check
!!!!!!!!!! Running equiv_check
!!!!!!!!!! results/Qwen2.5-Coder-32B-Instruct/default-0.3-True/RoleUnresolvedList8onedown.java.379
!!!!!!!!!! Running null_check
!!!!!!!!!! Entry 0
!!!!!!!!!! Running compile_check
!!!!!!!!!! Entry 0
!!!!!!!!!! Running fuzz_check
!!!!!!!!!! Running rdtp_check
!!!!!!!!!! Running equiv_check
!!!!!!!!!! results/Qwen2.5-Coder-32B-Instruct/default-0.3-True/RoleUnresolvedList9onedown.java.380
!!!!!!!!!! Running null_check
!!!!!!!!!! Entry 0
!!!!!!!!!! Entry 2
!!!!!!!!!! Running compile_check
!!!!!!!!!! Entry 0
!!!!!!!!!! Entry 2
!!!!!!!!!! Running fuzz_check
!!!!!!!!!! Running rdtp_check
!!!!!!!!!! Running equiv_check
!!!!!!!!!! results/Qwen2.5-Coder-32B-Instruct/default-0.3-True/RoleUnresolvedList10onedown.java.381
!!!!!!!!!! Running null_check
!!!!!!!!!! Entry 0
!!!!!!!!!! Entry 2
!!!!!!!!!! Running compile_check
!!!!!!!!!! Entry 0
Error in entry 0: pop from empty list
!!!!!!!!!! Entry 2
!!!!!!!!!! Running fuzz_check
!!!!!!!!!! Running rdtp_check
!!!!!!!!!! Running equiv_check
!!!!!!!!!! results/Qwen2.5-Coder-32B-Instruct/default-0.3-True/RoleUnresolvedList11onedown.java.382
!!!!!!!!!! Running null_check
!!!!!!!!!! Entry 0
!!!!!!!!!! Running compile_check
!!!!!!!!!! Entry 0
!!!!!!!!!! Running fuzz_check
!!!!!!!!!! Running rdtp_check
!!!!!!!!!! Running equiv_check
!!!!!!!!!! results/Qwen2.5-Coder-32B-Instruct/default-0.3-True/RoleUnresolvedList12onedown.java.383
!!!!!!!!!! Running null_check
!!!!!!!!!! Entry 0
!!!!!!!!!! Running compile_check
!!!!!!!!!! Entry 0
!!!!!!!!!! Running fuzz_check
!!!!!!!!!! Running rdtp_check
!!!!!!!!!! Running equiv_check
!!!!!!!!!! results/Qwen2.5-Coder-32B-Instruct/default-0.3-True/RoleUnresolvedList13onedown.java.384
!!!!!!!!!! Running null_check
!!!!!!!!!! Entry 0
!!!!!!!!!! Running compile_check
!!!!!!!!!! Entry 0
!!!!!!!!!! Running fuzz_check
!!!!!!!!!! Running rdtp_check
!!!!!!!!!! Running equiv_check
!!!!!!!!!! results/Qwen2.5-Coder-32B-Instruct/default-0.3-True/RoleUnresolvedList14onedown.java.385
!!!!!!!!!! Running null_check
!!!!!!!!!! Entry 0
!!!!!!!!!! Entry 2
!!!!!!!!!! Running compile_check
!!!!!!!!!! Entry 0
Error in entry 0: pop from empty list
!!!!!!!!!! Entry 2
!!!!!!!!!! Running fuzz_check
!!!!!!!!!! Running rdtp_check
!!!!!!!!!! Running equiv_check
!!!!!!!!!! results/Qwen2.5-Coder-32B-Instruct/default-0.3-True/RoleUnresolvedList15onedown.java.386
!!!!!!!!!! Running null_check
!!!!!!!!!! Entry 0
!!!!!!!!!! Entry 2
!!!!!!!!!! Running compile_check
!!!!!!!!!! Entry 0
!!!!!!!!!! Entry 2
!!!!!!!!!! Running fuzz_check
!!!!!!!!!! Running rdtp_check
!!!!!!!!!! Running equiv_check
!!!!!!!!!! results/Qwen2.5-Coder-32B-Instruct/default-0.3-True/RoleUnresolvedList16onedown.java.387
!!!!!!!!!! Running null_check
!!!!!!!!!! Entry 0
!!!!!!!!!! Running compile_check
!!!!!!!!!! Entry 0
!!!!!!!!!! Running fuzz_check
!!!!!!!!!! Running rdtp_check
!!!!!!!!!! Running equiv_check
!!!!!!!!!! results/Qwen2.5-Coder-32B-Instruct/default-0.3-True/RoleUnresolvedList17onedown.java.388
!!!!!!!!!! Running null_check
!!!!!!!!!! Entry 0
!!!!!!!!!! Running compile_check
!!!!!!!!!! Entry 0
!!!!!!!!!! Running fuzz_check
!!!!!!!!!! Running rdtp_check
!!!!!!!!!! Running equiv_check
!!!!!!!!!! results/Qwen2.5-Coder-32B-Instruct/default-0.3-True/RoleUnresolvedList18onedown.java.389
!!!!!!!!!! Running null_check
!!!!!!!!!! Entry 0
!!!!!!!!!! Running compile_check
!!!!!!!!!! Entry 0
!!!!!!!!!! Running fuzz_check
!!!!!!!!!! Running rdtp_check
!!!!!!!!!! Running equiv_check
!!!!!!!!!! results/Qwen2.5-Coder-32B-Instruct/default-0.3-True/RoleUnresolvedList19onedown.java.390
!!!!!!!!!! Running null_check
!!!!!!!!!! Entry 0
!!!!!!!!!! Entry 1
!!!!!!!!!! Running compile_check
!!!!!!!!!! Entry 0
!!!!!!!!!! Entry 1
!!!!!!!!!! Running fuzz_check
!!!!!!!!!! Running rdtp_check
!!!!!!!!!! Running equiv_check
!!!!!!!!!! results/Qwen2.5-Coder-32B-Instruct/default-0.3-True/RoleUnresolvedList20onedown.java.391
!!!!!!!!!! Running null_check
!!!!!!!!!! Entry 0
!!!!!!!!!! Running compile_check
!!!!!!!!!! Entry 0
!!!!!!!!!! Running fuzz_check
!!!!!!!!!! Running rdtp_check
!!!!!!!!!! Running equiv_check
!!!!!!!!!! results/Qwen2.5-Coder-32B-Instruct/default-0.3-True/RoleUnresolvedList21onedown.java.392
!!!!!!!!!! Running null_check
!!!!!!!!!! Entry 0
!!!!!!!!!! Running compile_check
!!!!!!!!!! Entry 0
!!!!!!!!!! Running fuzz_check
!!!!!!!!!! Running rdtp_check
!!!!!!!!!! Running equiv_check
!!!!!!!!!! results/Qwen2.5-Coder-32B-Instruct/default-0.3-True/RoleUnresolvedList22onedown.java.393
!!!!!!!!!! Running null_check
!!!!!!!!!! Entry 0
!!!!!!!!!! Running compile_check
!!!!!!!!!! Entry 0
!!!!!!!!!! Running fuzz_check
!!!!!!!!!! Running rdtp_check
!!!!!!!!!! Running equiv_check
!!!!!!!!!! results/Qwen2.5-Coder-32B-Instruct/default-0.3-True/RoleUnresolvedList23onedown.java.394
!!!!!!!!!! Running null_check
!!!!!!!!!! Entry 0
!!!!!!!!!! Entry 1
!!!!!!!!!! Entry 2
!!!!!!!!!! Running compile_check
!!!!!!!!!! Entry 0
!!!!!!!!!! Entry 1
!!!!!!!!!! Entry 2
!!!!!!!!!! Running fuzz_check
!!!!!!!!!! Running rdtp_check
!!!!!!!!!! Running equiv_check
!!!!!!!!!! results/Qwen2.5-Coder-32B-Instruct/default-0.3-True/RoleUnresolvedList24onedown.java.395
!!!!!!!!!! Running null_check
!!!!!!!!!! Entry 0
!!!!!!!!!! Entry 2
!!!!!!!!!! Running compile_check
!!!!!!!!!! Entry 0
!!!!!!!!!! Entry 2
!!!!!!!!!! Running fuzz_check
!!!!!!!!!! Running rdtp_check
!!!!!!!!!! Running equiv_check
!!!!!!!!!! results/Qwen2.5-Coder-32B-Instruct/default-0.3-True/RoleUnresolvedList25onedown.java.396
!!!!!!!!!! Running null_check
!!!!!!!!!! Entry 0
!!!!!!!!!! Running compile_check
!!!!!!!!!! Entry 0
!!!!!!!!!! Running fuzz_check
!!!!!!!!!! Running rdtp_check
!!!!!!!!!! Running equiv_check
!!!!!!!!!! results/Qwen2.5-Coder-32B-Instruct/default-0.3-True/RoleUnresolvedList26onedown.java.397
!!!!!!!!!! Running null_check
!!!!!!!!!! Entry 0
!!!!!!!!!! Entry 2
!!!!!!!!!! Running compile_check
!!!!!!!!!! Entry 0
!!!!!!!!!! Entry 2
!!!!!!!!!! Running fuzz_check
!!!!!!!!!! Running rdtp_check
!!!!!!!!!! Running equiv_check
!!!!!!!!!! results/Qwen2.5-Coder-32B-Instruct/default-0.3-True/Stack1onedown.java.398
!!!!!!!!!! Running null_check
!!!!!!!!!! Entry 0
!!!!!!!!!! Running compile_check
!!!!!!!!!! Entry 0
Error in entry 0: Namespace not found
!!!!!!!!!! Running fuzz_check
!!!!!!!!!! Running rdtp_check
!!!!!!!!!! Running equiv_check
!!!!!!!!!! results/Qwen2.5-Coder-32B-Instruct/default-0.3-True/Stack2onedown.java.399
!!!!!!!!!! Running null_check
!!!!!!!!!! Entry 0
!!!!!!!!!! Running compile_check
!!!!!!!!!! Entry 0
Error in entry 0: Namespace not found
!!!!!!!!!! Running fuzz_check
!!!!!!!!!! Running rdtp_check
!!!!!!!!!! Running equiv_check
!!!!!!!!!! results/Qwen2.5-Coder-32B-Instruct/default-0.3-True/Stack3onedown.java.400
!!!!!!!!!! Running null_check
!!!!!!!!!! Entry 0
!!!!!!!!!! Running compile_check
!!!!!!!!!! Entry 0
Error in entry 0: Namespace not found
!!!!!!!!!! Running fuzz_check
!!!!!!!!!! Running rdtp_check
!!!!!!!!!! Running equiv_check
!!!!!!!!!! results/Qwen2.5-Coder-32B-Instruct/default-0.3-True/Stack4onedown.java.401
!!!!!!!!!! Running null_check
!!!!!!!!!! Entry 0
!!!!!!!!!! Entry 1
!!!!!!!!!! Running compile_check
!!!!!!!!!! Entry 0
Error in entry 0: Namespace not found
!!!!!!!!!! Entry 1
Error in entry 1: Namespace not found
!!!!!!!!!! Running fuzz_check
!!!!!!!!!! Running rdtp_check
!!!!!!!!!! Running equiv_check
!!!!!!!!!! results/Qwen2.5-Coder-32B-Instruct/default-0.3-True/Stack5onedown.java.402
!!!!!!!!!! Running null_check
!!!!!!!!!! Entry 0
!!!!!!!!!! Entry 1
!!!!!!!!!! Running compile_check
!!!!!!!!!! Entry 0
Error in entry 0: Namespace not found
!!!!!!!!!! Entry 1
Error in entry 1: Namespace not found
!!!!!!!!!! Running fuzz_check
!!!!!!!!!! Running rdtp_check
!!!!!!!!!! Running equiv_check
!!!!!!!!!! results/Qwen2.5-Coder-32B-Instruct/default-0.3-True/Stack6onedown.java.403
!!!!!!!!!! Running null_check
!!!!!!!!!! Entry 0
!!!!!!!!!! Running compile_check
!!!!!!!!!! Entry 0
Error in entry 0: Namespace not found
!!!!!!!!!! Running fuzz_check
!!!!!!!!!! Running rdtp_check
!!!!!!!!!! Running equiv_check
!!!!!!!!!! results/Qwen2.5-Coder-32B-Instruct/default-0.3-True/Stack7onedown.java.404
!!!!!!!!!! Running null_check
!!!!!!!!!! Entry 0
!!!!!!!!!! Entry 2
!!!!!!!!!! Running compile_check
!!!!!!!!!! Entry 0
Error in entry 0: Namespace not found
!!!!!!!!!! Entry 2
Error in entry 2: Namespace not found
!!!!!!!!!! Running fuzz_check
!!!!!!!!!! Running rdtp_check
!!!!!!!!!! Running equiv_check
!!!!!!!!!! results/Qwen2.5-Coder-32B-Instruct/default-0.3-True/TreeList1onedown.java.405
!!!!!!!!!! Running null_check
!!!!!!!!!! Entry 0
!!!!!!!!!! Running compile_check
!!!!!!!!!! Entry 0
!!!!!!!!!! Running fuzz_check
!!!!!!!!!! Entry 0
!!!!!!!!!! Running rdtp_check
!!!!!!!!!! Entry 0
/opt/conda/lib/python3.11/site-packages/transformers/generation/utils.py:2506: UserWarning: You are calling .generate() with the `input_ids` being on a device type different than your model's device. `input_ids` is on cpu, whereas the model is on cuda. You may experience unexpected behaviors or slower generation. Please make sure that you have put `input_ids` to the correct device by calling for example input_ids = input_ids.to('cuda') before running `.generate()`.
  warnings.warn(
!!!!!!!!!! Running equiv_check
!!!!!!!!!! Entry 0
!!!!!!!!!! results/Qwen2.5-Coder-32B-Instruct/default-0.3-True/TreeList2onedown.java.406
!!!!!!!!!! Running null_check
!!!!!!!!!! Entry 0
!!!!!!!!!! Running compile_check
!!!!!!!!!! Entry 0
!!!!!!!!!! Running fuzz_check
!!!!!!!!!! Entry 0
!!!!!!!!!! Running rdtp_check
!!!!!!!!!! Entry 0
/opt/conda/lib/python3.11/site-packages/transformers/generation/utils.py:2506: UserWarning: You are calling .generate() with the `input_ids` being on a device type different than your model's device. `input_ids` is on cpu, whereas the model is on cuda. You may experience unexpected behaviors or slower generation. Please make sure that you have put `input_ids` to the correct device by calling for example input_ids = input_ids.to('cuda') before running `.generate()`.
  warnings.warn(
!!!!!!!!!! Running equiv_check
!!!!!!!!!! Entry 0
!!!!!!!!!! results/Qwen2.5-Coder-32B-Instruct/default-0.3-True/TreeList3onedown.java.407
!!!!!!!!!! Running null_check
!!!!!!!!!! Entry 0
!!!!!!!!!! Running compile_check
!!!!!!!!!! Entry 0
!!!!!!!!!! Running fuzz_check
!!!!!!!!!! Running rdtp_check
!!!!!!!!!! Running equiv_check
!!!!!!!!!! results/Qwen2.5-Coder-32B-Instruct/default-0.3-True/TreeList4onedown.java.408
!!!!!!!!!! Running null_check
!!!!!!!!!! Entry 0
!!!!!!!!!! Running compile_check
!!!!!!!!!! Entry 0
!!!!!!!!!! Running fuzz_check
!!!!!!!!!! Running rdtp_check
!!!!!!!!!! Running equiv_check
!!!!!!!!!! results/Qwen2.5-Coder-32B-Instruct/default-0.3-True/TreeList5onedown.java.409
!!!!!!!!!! Running null_check
!!!!!!!!!! Entry 0
!!!!!!!!!! Entry 1
!!!!!!!!!! Entry 2
!!!!!!!!!! Running compile_check
!!!!!!!!!! Entry 0
!!!!!!!!!! Entry 1
Error in entry 1: Only int type is supported for forall quantifier
!!!!!!!!!! Entry 2
!!!!!!!!!! Running fuzz_check
!!!!!!!!!! Running rdtp_check
!!!!!!!!!! Running equiv_check
!!!!!!!!!! results/Qwen2.5-Coder-32B-Instruct/default-0.3-True/TreeList6onedown.java.410
!!!!!!!!!! Running null_check
!!!!!!!!!! Entry 0
!!!!!!!!!! Entry 1
!!!!!!!!!! Running compile_check
!!!!!!!!!! Entry 0
!!!!!!!!!! Entry 1
!!!!!!!!!! Running fuzz_check
!!!!!!!!!! Running rdtp_check
!!!!!!!!!! Running equiv_check
!!!!!!!!!! results/Qwen2.5-Coder-32B-Instruct/default-0.3-True/TreeList7onedown.java.411
!!!!!!!!!! Running null_check
!!!!!!!!!! Entry 0
!!!!!!!!!! Entry 1
!!!!!!!!!! Entry 2
!!!!!!!!!! Running compile_check
!!!!!!!!!! Entry 0
!!!!!!!!!! Entry 1
!!!!!!!!!! Entry 2
!!!!!!!!!! Running fuzz_check
!!!!!!!!!! Running rdtp_check
!!!!!!!!!! Running equiv_check
!!!!!!!!!! results/Qwen2.5-Coder-32B-Instruct/default-0.3-True/TreeList8onedown.java.412
!!!!!!!!!! Running null_check
!!!!!!!!!! Entry 0
!!!!!!!!!! Entry 2
!!!!!!!!!! Running compile_check
!!!!!!!!!! Entry 0
!!!!!!!!!! Entry 2
!!!!!!!!!! Running fuzz_check
!!!!!!!!!! Running rdtp_check
!!!!!!!!!! Running equiv_check
!!!!!!!!!! results/Qwen2.5-Coder-32B-Instruct/default-0.3-True/TreeList9onedown.java.413
!!!!!!!!!! Running null_check
!!!!!!!!!! Entry 0
!!!!!!!!!! Running compile_check
!!!!!!!!!! Entry 0
!!!!!!!!!! Running fuzz_check
!!!!!!!!!! Running rdtp_check
!!!!!!!!!! Running equiv_check
!!!!!!!!!! results/Qwen2.5-Coder-32B-Instruct/default-0.3-True/TreeList10onedown.java.414
!!!!!!!!!! Running null_check
!!!!!!!!!! Entry 0
!!!!!!!!!! Running compile_check
!!!!!!!!!! Entry 0
!!!!!!!!!! Running fuzz_check
!!!!!!!!!! Entry 0
!!!!!!!!!! Running rdtp_check
!!!!!!!!!! Entry 0
/opt/conda/lib/python3.11/site-packages/transformers/generation/utils.py:2506: UserWarning: You are calling .generate() with the `input_ids` being on a device type different than your model's device. `input_ids` is on cpu, whereas the model is on cuda. You may experience unexpected behaviors or slower generation. Please make sure that you have put `input_ids` to the correct device by calling for example input_ids = input_ids.to('cuda') before running `.generate()`.
  warnings.warn(
!!!!!!!!!! Running equiv_check
!!!!!!!!!! Entry 0
!!!!!!!!!! equiv check failure
!!!!!!!!!! results/Qwen2.5-Coder-32B-Instruct/default-0.3-True/TreeList11onedown.java.415
!!!!!!!!!! Running null_check
!!!!!!!!!! Entry 0
!!!!!!!!!! Running compile_check
!!!!!!!!!! Entry 0
!!!!!!!!!! Running fuzz_check
!!!!!!!!!! Entry 0
!!!!!!!!!! Running rdtp_check
!!!!!!!!!! Entry 0
/opt/conda/lib/python3.11/site-packages/transformers/generation/utils.py:2506: UserWarning: You are calling .generate() with the `input_ids` being on a device type different than your model's device. `input_ids` is on cpu, whereas the model is on cuda. You may experience unexpected behaviors or slower generation. Please make sure that you have put `input_ids` to the correct device by calling for example input_ids = input_ids.to('cuda') before running `.generate()`.
  warnings.warn(
!!!!!!!!!! Running equiv_check
!!!!!!!!!! Entry 0
!!!!!!!!!! results/Qwen2.5-Coder-32B-Instruct/default-0.3-True/TreeList12onedown.java.416
!!!!!!!!!! Running null_check
!!!!!!!!!! Entry 0
!!!!!!!!!! Entry 1
!!!!!!!!!! Running compile_check
!!!!!!!!!! Entry 0
!!!!!!!!!! Entry 1
!!!!!!!!!! Running fuzz_check
!!!!!!!!!! Running rdtp_check
!!!!!!!!!! Running equiv_check
!!!!!!!!!! results/Qwen2.5-Coder-32B-Instruct/default-0.3-True/TreeList13onedown.java.417
!!!!!!!!!! Running null_check
!!!!!!!!!! Entry 0
!!!!!!!!!! Running compile_check
!!!!!!!!!! Entry 0
!!!!!!!!!! Running fuzz_check
!!!!!!!!!! Running rdtp_check
!!!!!!!!!! Running equiv_check
!!!!!!!!!! results/Qwen2.5-Coder-32B-Instruct/default-0.3-True/TreeList14onedown.java.418
!!!!!!!!!! Running null_check
!!!!!!!!!! Entry 0
!!!!!!!!!! Entry 2
!!!!!!!!!! Running compile_check
!!!!!!!!!! Entry 0
!!!!!!!!!! Entry 2
!!!!!!!!!! Running fuzz_check
!!!!!!!!!! Running rdtp_check
!!!!!!!!!! Running equiv_check
!!!!!!!!!! results/Qwen2.5-Coder-32B-Instruct/default-0.3-True/TreeList15onedown.java.419
!!!!!!!!!! Running null_check
!!!!!!!!!! Entry 0
!!!!!!!!!! Running compile_check
!!!!!!!!!! Entry 0
!!!!!!!!!! Running fuzz_check
!!!!!!!!!! Running rdtp_check
!!!!!!!!!! Running equiv_check
!!!!!!!!!! results/Qwen2.5-Coder-32B-Instruct/default-0.3-True/TreeList16onedown.java.420
!!!!!!!!!! Running null_check
!!!!!!!!!! Entry 0
!!!!!!!!!! Running compile_check
!!!!!!!!!! Entry 0
!!!!!!!!!! Running fuzz_check
!!!!!!!!!! Running rdtp_check
!!!!!!!!!! Running equiv_check
!!!!!!!!!! results/Qwen2.5-Coder-32B-Instruct/default-0.3-True/TreeList17onedown.java.421
!!!!!!!!!! Running null_check
!!!!!!!!!! Entry 0
!!!!!!!!!! Entry 1
!!!!!!!!!! Entry 2
!!!!!!!!!! Running compile_check
!!!!!!!!!! Entry 0
!!!!!!!!!! Entry 1
!!!!!!!!!! Entry 2
!!!!!!!!!! Running fuzz_check
!!!!!!!!!! Running rdtp_check
!!!!!!!!!! Running equiv_check
!!!!!!!!!! results/Qwen2.5-Coder-32B-Instruct/default-0.3-True/TreeList18onedown.java.422
!!!!!!!!!! Running null_check
!!!!!!!!!! Entry 0
!!!!!!!!!! Entry 1
!!!!!!!!!! Running compile_check
!!!!!!!!!! Entry 0
!!!!!!!!!! Entry 1
!!!!!!!!!! Running fuzz_check
!!!!!!!!!! Entry 0
!!!!!!!!!! Entry 1
!!!!!!!!!! Running rdtp_check
!!!!!!!!!! Entry 0
/opt/conda/lib/python3.11/site-packages/transformers/generation/utils.py:2506: UserWarning: You are calling .generate() with the `input_ids` being on a device type different than your model's device. `input_ids` is on cpu, whereas the model is on cuda. You may experience unexpected behaviors or slower generation. Please make sure that you have put `input_ids` to the correct device by calling for example input_ids = input_ids.to('cuda') before running `.generate()`.
  warnings.warn(
!!!!!!!!!! Entry 1
!!!!!!!!!! Running equiv_check
!!!!!!!!!! Entry 0
!!!!!!!!!! Entry 1
!!!!!!!!!! results/Qwen2.5-Coder-32B-Instruct/default-0.3-True/TreeList19onedown.java.423
!!!!!!!!!! Running null_check
!!!!!!!!!! Entry 0
!!!!!!!!!! Running compile_check
!!!!!!!!!! Entry 0
!!!!!!!!!! Running fuzz_check
!!!!!!!!!! Entry 0
!!!!!!!!!! Running rdtp_check
!!!!!!!!!! Running equiv_check
!!!!!!!!!! results/Qwen2.5-Coder-32B-Instruct/default-0.3-True/TreeList20onedown.java.424
!!!!!!!!!! Running null_check
!!!!!!!!!! Entry 0
!!!!!!!!!! Running compile_check
!!!!!!!!!! Entry 0
!!!!!!!!!! Running fuzz_check
!!!!!!!!!! Running rdtp_check
!!!!!!!!!! Running equiv_check
!!!!!!!!!! results/Qwen2.5-Coder-32B-Instruct/default-0.3-True/TreeList21onedown.java.425
!!!!!!!!!! Running null_check
!!!!!!!!!! Entry 0
!!!!!!!!!! Running compile_check
!!!!!!!!!! Entry 0
!!!!!!!!!! Running fuzz_check
!!!!!!!!!! Running rdtp_check
!!!!!!!!!! Running equiv_check
!!!!!!!!!! results/Qwen2.5-Coder-32B-Instruct/default-0.3-True/Vector1onedown.java.426
!!!!!!!!!! Running null_check
!!!!!!!!!! Entry 0
!!!!!!!!!! Running compile_check
!!!!!!!!!! Entry 0
!!!!!!!!!! Running fuzz_check
!!!!!!!!!! Entry 0
!!!!!!!!!! Running rdtp_check
!!!!!!!!!! Entry 0
/opt/conda/lib/python3.11/site-packages/transformers/generation/utils.py:2506: UserWarning: You are calling .generate() with the `input_ids` being on a device type different than your model's device. `input_ids` is on cpu, whereas the model is on cuda. You may experience unexpected behaviors or slower generation. Please make sure that you have put `input_ids` to the correct device by calling for example input_ids = input_ids.to('cuda') before running `.generate()`.
  warnings.warn(
!!!!!!!!!! Running equiv_check
!!!!!!!!!! Entry 0
!!!!!!!!!! results/Qwen2.5-Coder-32B-Instruct/default-0.3-True/Vector2onedown.java.427
!!!!!!!!!! Running null_check
!!!!!!!!!! Entry 0
!!!!!!!!!! Running compile_check
!!!!!!!!!! Entry 0
!!!!!!!!!! Running fuzz_check
!!!!!!!!!! Entry 0
!!!!!!!!!! Running rdtp_check
!!!!!!!!!! Entry 0
/opt/conda/lib/python3.11/site-packages/transformers/generation/utils.py:2506: UserWarning: You are calling .generate() with the `input_ids` being on a device type different than your model's device. `input_ids` is on cpu, whereas the model is on cuda. You may experience unexpected behaviors or slower generation. Please make sure that you have put `input_ids` to the correct device by calling for example input_ids = input_ids.to('cuda') before running `.generate()`.
  warnings.warn(
!!!!!!!!!! Running equiv_check
!!!!!!!!!! Entry 0
!!!!!!!!!! results/Qwen2.5-Coder-32B-Instruct/default-0.3-True/Vector3onedown.java.428
!!!!!!!!!! Running null_check
!!!!!!!!!! Entry 0
!!!!!!!!!! Running compile_check
!!!!!!!!!! Entry 0
!!!!!!!!!! Running fuzz_check
!!!!!!!!!! Entry 0
!!!!!!!!!! Running rdtp_check
!!!!!!!!!! Entry 0
/opt/conda/lib/python3.11/site-packages/transformers/generation/utils.py:2506: UserWarning: You are calling .generate() with the `input_ids` being on a device type different than your model's device. `input_ids` is on cpu, whereas the model is on cuda. You may experience unexpected behaviors or slower generation. Please make sure that you have put `input_ids` to the correct device by calling for example input_ids = input_ids.to('cuda') before running `.generate()`.
  warnings.warn(
!!!!!!!!!! Running equiv_check
!!!!!!!!!! Entry 0
!!!!!!!!!! results/Qwen2.5-Coder-32B-Instruct/default-0.3-True/Vector4onedown.java.429
!!!!!!!!!! Running null_check
!!!!!!!!!! Entry 0
!!!!!!!!!! Running compile_check
!!!!!!!!!! Entry 0
!!!!!!!!!! Running fuzz_check
!!!!!!!!!! Entry 0
!!!!!!!!!! Running rdtp_check
!!!!!!!!!! Running equiv_check
!!!!!!!!!! results/Qwen2.5-Coder-32B-Instruct/default-0.3-True/Vector5onedown.java.430
!!!!!!!!!! Running null_check
!!!!!!!!!! Entry 0
!!!!!!!!!! Running compile_check
!!!!!!!!!! Entry 0
!!!!!!!!!! Running fuzz_check
!!!!!!!!!! Entry 0
!!!!!!!!!! Running rdtp_check
!!!!!!!!!! Entry 0
/opt/conda/lib/python3.11/site-packages/transformers/generation/utils.py:2506: UserWarning: You are calling .generate() with the `input_ids` being on a device type different than your model's device. `input_ids` is on cpu, whereas the model is on cuda. You may experience unexpected behaviors or slower generation. Please make sure that you have put `input_ids` to the correct device by calling for example input_ids = input_ids.to('cuda') before running `.generate()`.
  warnings.warn(
!!!!!!!!!! Running equiv_check
!!!!!!!!!! results/Qwen2.5-Coder-32B-Instruct/default-0.3-True/Vector6onedown.java.431
!!!!!!!!!! Running null_check
!!!!!!!!!! Entry 0
!!!!!!!!!! Running compile_check
!!!!!!!!!! Entry 0
!!!!!!!!!! Running fuzz_check
!!!!!!!!!! Entry 0
!!!!!!!!!! Running rdtp_check
!!!!!!!!!! Entry 0
/opt/conda/lib/python3.11/site-packages/transformers/generation/utils.py:2506: UserWarning: You are calling .generate() with the `input_ids` being on a device type different than your model's device. `input_ids` is on cpu, whereas the model is on cuda. You may experience unexpected behaviors or slower generation. Please make sure that you have put `input_ids` to the correct device by calling for example input_ids = input_ids.to('cuda') before running `.generate()`.
  warnings.warn(
!!!!!!!!!! Running equiv_check
!!!!!!!!!! Entry 0
!!!!!!!!!! results/Qwen2.5-Coder-32B-Instruct/default-0.3-True/Vector7onedown.java.432
!!!!!!!!!! Running null_check
!!!!!!!!!! Entry 0
!!!!!!!!!! Running compile_check
!!!!!!!!!! Entry 0
!!!!!!!!!! Running fuzz_check
!!!!!!!!!! Entry 0
!!!!!!!!!! Running rdtp_check
!!!!!!!!!! Entry 0
/opt/conda/lib/python3.11/site-packages/transformers/generation/utils.py:2506: UserWarning: You are calling .generate() with the `input_ids` being on a device type different than your model's device. `input_ids` is on cpu, whereas the model is on cuda. You may experience unexpected behaviors or slower generation. Please make sure that you have put `input_ids` to the correct device by calling for example input_ids = input_ids.to('cuda') before running `.generate()`.
  warnings.warn(
!!!!!!!!!! Running equiv_check
!!!!!!!!!! Entry 0
!!!!!!!!!! results/Qwen2.5-Coder-32B-Instruct/default-0.3-True/Vector8onedown.java.433
!!!!!!!!!! Running null_check
!!!!!!!!!! Entry 0
!!!!!!!!!! Running compile_check
!!!!!!!!!! Entry 0
!!!!!!!!!! Running fuzz_check
!!!!!!!!!! Entry 0
!!!!!!!!!! Running rdtp_check
!!!!!!!!!! Entry 0
/opt/conda/lib/python3.11/site-packages/transformers/generation/utils.py:2506: UserWarning: You are calling .generate() with the `input_ids` being on a device type different than your model's device. `input_ids` is on cpu, whereas the model is on cuda. You may experience unexpected behaviors or slower generation. Please make sure that you have put `input_ids` to the correct device by calling for example input_ids = input_ids.to('cuda') before running `.generate()`.
  warnings.warn(
!!!!!!!!!! Running equiv_check
!!!!!!!!!! results/Qwen2.5-Coder-32B-Instruct/default-0.3-True/Vector9onedown.java.434
!!!!!!!!!! Running null_check
!!!!!!!!!! Entry 0
!!!!!!!!!! Entry 2
!!!!!!!!!! Running compile_check
!!!!!!!!!! Entry 0
!!!!!!!!!! Entry 2
!!!!!!!!!! Running fuzz_check
!!!!!!!!!! Entry 0
!!!!!!!!!! Entry 2
!!!!!!!!!! Running rdtp_check
!!!!!!!!!! Entry 0
/opt/conda/lib/python3.11/site-packages/transformers/generation/utils.py:2506: UserWarning: You are calling .generate() with the `input_ids` being on a device type different than your model's device. `input_ids` is on cpu, whereas the model is on cuda. You may experience unexpected behaviors or slower generation. Please make sure that you have put `input_ids` to the correct device by calling for example input_ids = input_ids.to('cuda') before running `.generate()`.
  warnings.warn(
!!!!!!!!!! Entry 2
!!!!!!!!!! Running equiv_check
!!!!!!!!!! Entry 2
!!!!!!!!!! equiv check failure
!!!!!!!!!! results/Qwen2.5-Coder-32B-Instruct/default-0.3-True/Vector10onedown.java.435
!!!!!!!!!! Running null_check
!!!!!!!!!! Entry 0
!!!!!!!!!! Running compile_check
!!!!!!!!!! Entry 0
!!!!!!!!!! Running fuzz_check
!!!!!!!!!! Entry 0
!!!!!!!!!! Running rdtp_check
!!!!!!!!!! Entry 0
/opt/conda/lib/python3.11/site-packages/transformers/generation/utils.py:2506: UserWarning: You are calling .generate() with the `input_ids` being on a device type different than your model's device. `input_ids` is on cpu, whereas the model is on cuda. You may experience unexpected behaviors or slower generation. Please make sure that you have put `input_ids` to the correct device by calling for example input_ids = input_ids.to('cuda') before running `.generate()`.
  warnings.warn(
!!!!!!!!!! Running equiv_check
!!!!!!!!!! Entry 0
!!!!!!!!!! results/Qwen2.5-Coder-32B-Instruct/default-0.3-True/Vector11onedown.java.436
!!!!!!!!!! Running null_check
!!!!!!!!!! Entry 0
!!!!!!!!!! Running compile_check
!!!!!!!!!! Entry 0
!!!!!!!!!! Running fuzz_check
!!!!!!!!!! Entry 0
!!!!!!!!!! Running rdtp_check
!!!!!!!!!! Entry 0
/opt/conda/lib/python3.11/site-packages/transformers/generation/utils.py:2506: UserWarning: You are calling .generate() with the `input_ids` being on a device type different than your model's device. `input_ids` is on cpu, whereas the model is on cuda. You may experience unexpected behaviors or slower generation. Please make sure that you have put `input_ids` to the correct device by calling for example input_ids = input_ids.to('cuda') before running `.generate()`.
  warnings.warn(
!!!!!!!!!! Running equiv_check
!!!!!!!!!! results/Qwen2.5-Coder-32B-Instruct/default-0.3-True/Vector12onedown.java.437
!!!!!!!!!! Running null_check
!!!!!!!!!! Entry 0
!!!!!!!!!! Entry 2
!!!!!!!!!! Running compile_check
!!!!!!!!!! Entry 0
!!!!!!!!!! Entry 2
!!!!!!!!!! Running fuzz_check
!!!!!!!!!! Entry 0
!!!!!!!!!! Entry 2
!!!!!!!!!! Running rdtp_check
!!!!!!!!!! Entry 0
/opt/conda/lib/python3.11/site-packages/transformers/generation/utils.py:2506: UserWarning: You are calling .generate() with the `input_ids` being on a device type different than your model's device. `input_ids` is on cpu, whereas the model is on cuda. You may experience unexpected behaviors or slower generation. Please make sure that you have put `input_ids` to the correct device by calling for example input_ids = input_ids.to('cuda') before running `.generate()`.
  warnings.warn(
!!!!!!!!!! Entry 2
!!!!!!!!!! Running equiv_check
!!!!!!!!!! Entry 0
!!!!!!!!!! results/Qwen2.5-Coder-32B-Instruct/default-0.3-True/Vector13onedown.java.438
!!!!!!!!!! Running null_check
!!!!!!!!!! Entry 0
!!!!!!!!!! Running compile_check
!!!!!!!!!! Entry 0
!!!!!!!!!! Running fuzz_check
!!!!!!!!!! Entry 0
!!!!!!!!!! Running rdtp_check
!!!!!!!!!! Entry 0
/opt/conda/lib/python3.11/site-packages/transformers/generation/utils.py:2506: UserWarning: You are calling .generate() with the `input_ids` being on a device type different than your model's device. `input_ids` is on cpu, whereas the model is on cuda. You may experience unexpected behaviors or slower generation. Please make sure that you have put `input_ids` to the correct device by calling for example input_ids = input_ids.to('cuda') before running `.generate()`.
  warnings.warn(
!!!!!!!!!! Running equiv_check
!!!!!!!!!! results/Qwen2.5-Coder-32B-Instruct/default-0.3-True/Vector14onedown.java.439
!!!!!!!!!! Running null_check
!!!!!!!!!! Entry 0
!!!!!!!!!! Entry 2
!!!!!!!!!! Running compile_check
!!!!!!!!!! Entry 0
!!!!!!!!!! Entry 2
!!!!!!!!!! Running fuzz_check
!!!!!!!!!! Running rdtp_check
!!!!!!!!!! Running equiv_check
!!!!!!!!!! results/Qwen2.5-Coder-32B-Instruct/default-0.3-True/Vector15onedown.java.440
!!!!!!!!!! Running null_check
!!!!!!!!!! Entry 0
!!!!!!!!!! Entry 1
!!!!!!!!!! Running compile_check
!!!!!!!!!! Entry 0
!!!!!!!!!! Entry 1
!!!!!!!!!! Running fuzz_check
!!!!!!!!!! Running rdtp_check
!!!!!!!!!! Running equiv_check
!!!!!!!!!! results/Qwen2.5-Coder-32B-Instruct/default-0.3-True/Vector16onedown.java.441
!!!!!!!!!! Running null_check
!!!!!!!!!! Entry 0
!!!!!!!!!! Entry 1
!!!!!!!!!! Running compile_check
!!!!!!!!!! Entry 0
!!!!!!!!!! Entry 1
!!!!!!!!!! Running fuzz_check
!!!!!!!!!! Entry 0
!!!!!!!!!! Entry 1
!!!!!!!!!! Running rdtp_check
!!!!!!!!!! Entry 0
/opt/conda/lib/python3.11/site-packages/transformers/generation/utils.py:2506: UserWarning: You are calling .generate() with the `input_ids` being on a device type different than your model's device. `input_ids` is on cpu, whereas the model is on cuda. You may experience unexpected behaviors or slower generation. Please make sure that you have put `input_ids` to the correct device by calling for example input_ids = input_ids.to('cuda') before running `.generate()`.
  warnings.warn(
!!!!!!!!!! Entry 1
!!!!!!!!!! Running equiv_check
!!!!!!!!!! Entry 0
!!!!!!!!!! equiv check failure
!!!!!!!!!! results/Qwen2.5-Coder-32B-Instruct/default-0.3-True/Vector17onedown.java.442
!!!!!!!!!! Running null_check
!!!!!!!!!! Entry 0
!!!!!!!!!! Running compile_check
!!!!!!!!!! Entry 0
!!!!!!!!!! Running fuzz_check
!!!!!!!!!! Entry 0
!!!!!!!!!! Running rdtp_check
!!!!!!!!!! Entry 0
/opt/conda/lib/python3.11/site-packages/transformers/generation/utils.py:2506: UserWarning: You are calling .generate() with the `input_ids` being on a device type different than your model's device. `input_ids` is on cpu, whereas the model is on cuda. You may experience unexpected behaviors or slower generation. Please make sure that you have put `input_ids` to the correct device by calling for example input_ids = input_ids.to('cuda') before running `.generate()`.
  warnings.warn(
!!!!!!!!!! Running equiv_check
!!!!!!!!!! Entry 0
!!!!!!!!!! results/Qwen2.5-Coder-32B-Instruct/default-0.3-True/Vector18onedown.java.443
!!!!!!!!!! Running null_check
!!!!!!!!!! Entry 0
!!!!!!!!!! Running compile_check
!!!!!!!!!! Entry 0
!!!!!!!!!! Running fuzz_check
!!!!!!!!!! Entry 0
!!!!!!!!!! Running rdtp_check
!!!!!!!!!! Entry 0
/opt/conda/lib/python3.11/site-packages/transformers/generation/utils.py:2506: UserWarning: You are calling .generate() with the `input_ids` being on a device type different than your model's device. `input_ids` is on cpu, whereas the model is on cuda. You may experience unexpected behaviors or slower generation. Please make sure that you have put `input_ids` to the correct device by calling for example input_ids = input_ids.to('cuda') before running `.generate()`.
  warnings.warn(
!!!!!!!!!! Running equiv_check
!!!!!!!!!! Entry 0
!!!!!!!!!! equiv check failure
!!!!!!!!!! results/Qwen2.5-Coder-32B-Instruct/default-0.3-True/Vector19onedown.java.444
!!!!!!!!!! Running null_check
!!!!!!!!!! Entry 0
!!!!!!!!!! Running compile_check
!!!!!!!!!! Entry 0
!!!!!!!!!! Running fuzz_check
!!!!!!!!!! Entry 0
!!!!!!!!!! Running rdtp_check
!!!!!!!!!! Entry 0
/opt/conda/lib/python3.11/site-packages/transformers/generation/utils.py:2506: UserWarning: You are calling .generate() with the `input_ids` being on a device type different than your model's device. `input_ids` is on cpu, whereas the model is on cuda. You may experience unexpected behaviors or slower generation. Please make sure that you have put `input_ids` to the correct device by calling for example input_ids = input_ids.to('cuda') before running `.generate()`.
  warnings.warn(
!!!!!!!!!! Running equiv_check
!!!!!!!!!! Entry 0
!!!!!!!!!! results/Qwen2.5-Coder-32B-Instruct/default-0.3-True/Vector20onedown.java.445
!!!!!!!!!! Running null_check
!!!!!!!!!! Entry 0
!!!!!!!!!! Running compile_check
!!!!!!!!!! Entry 0
!!!!!!!!!! Running fuzz_check
!!!!!!!!!! Entry 0
!!!!!!!!!! Running rdtp_check
!!!!!!!!!! Running equiv_check
!!!!!!!!!! results/Qwen2.5-Coder-32B-Instruct/default-0.3-True/Vector21onedown.java.446
!!!!!!!!!! Running null_check
!!!!!!!!!! Entry 0
!!!!!!!!!! Entry 2
!!!!!!!!!! Running compile_check
!!!!!!!!!! Entry 0
!!!!!!!!!! Entry 2
!!!!!!!!!! Running fuzz_check
!!!!!!!!!! Entry 0
!!!!!!!!!! Entry 2
!!!!!!!!!! Running rdtp_check
!!!!!!!!!! Entry 0
/opt/conda/lib/python3.11/site-packages/transformers/generation/utils.py:2506: UserWarning: You are calling .generate() with the `input_ids` being on a device type different than your model's device. `input_ids` is on cpu, whereas the model is on cuda. You may experience unexpected behaviors or slower generation. Please make sure that you have put `input_ids` to the correct device by calling for example input_ids = input_ids.to('cuda') before running `.generate()`.
  warnings.warn(
!!!!!!!!!! Entry 2
!!!!!!!!!! Running equiv_check
!!!!!!!!!! results/Qwen2.5-Coder-32B-Instruct/default-0.3-True/Vector22onedown.java.447
!!!!!!!!!! Running null_check
!!!!!!!!!! Entry 0
!!!!!!!!!! Running compile_check
!!!!!!!!!! Entry 0
!!!!!!!!!! Running fuzz_check
!!!!!!!!!! Entry 0
!!!!!!!!!! Running rdtp_check
!!!!!!!!!! Entry 0
/opt/conda/lib/python3.11/site-packages/transformers/generation/utils.py:2506: UserWarning: You are calling .generate() with the `input_ids` being on a device type different than your model's device. `input_ids` is on cpu, whereas the model is on cuda. You may experience unexpected behaviors or slower generation. Please make sure that you have put `input_ids` to the correct device by calling for example input_ids = input_ids.to('cuda') before running `.generate()`.
  warnings.warn(
!!!!!!!!!! Running equiv_check
!!!!!!!!!! Entry 0
!!!!!!!!!! equiv check failure
!!!!!!!!!! results/Qwen2.5-Coder-32B-Instruct/default-0.3-True/Vector23onedown.java.448
!!!!!!!!!! Running null_check
!!!!!!!!!! Entry 0
!!!!!!!!!! Running compile_check
!!!!!!!!!! Entry 0
!!!!!!!!!! Running fuzz_check
!!!!!!!!!! Entry 0
!!!!!!!!!! Running rdtp_check
!!!!!!!!!! Entry 0
/opt/conda/lib/python3.11/site-packages/transformers/generation/utils.py:2506: UserWarning: You are calling .generate() with the `input_ids` being on a device type different than your model's device. `input_ids` is on cpu, whereas the model is on cuda. You may experience unexpected behaviors or slower generation. Please make sure that you have put `input_ids` to the correct device by calling for example input_ids = input_ids.to('cuda') before running `.generate()`.
  warnings.warn(
!!!!!!!!!! Running equiv_check
!!!!!!!!!! results/Qwen2.5-Coder-32B-Instruct/default-0.3-True/Vector24onedown.java.449
!!!!!!!!!! Running null_check
!!!!!!!!!! Entry 0
!!!!!!!!!! Running compile_check
!!!!!!!!!! Entry 0
!!!!!!!!!! Running fuzz_check
!!!!!!!!!! Entry 0
!!!!!!!!!! Running rdtp_check
!!!!!!!!!! Running equiv_check
!!!!!!!!!! results/Qwen2.5-Coder-32B-Instruct/default-0.3-True/Vector25onedown.java.450
!!!!!!!!!! Running null_check
!!!!!!!!!! Entry 0
!!!!!!!!!! Entry 1
!!!!!!!!!! Running compile_check
!!!!!!!!!! Entry 0
!!!!!!!!!! Entry 1
!!!!!!!!!! Running fuzz_check
!!!!!!!!!! Entry 0
!!!!!!!!!! Entry 1
!!!!!!!!!! Running rdtp_check
!!!!!!!!!! Entry 0
/opt/conda/lib/python3.11/site-packages/transformers/generation/utils.py:2506: UserWarning: You are calling .generate() with the `input_ids` being on a device type different than your model's device. `input_ids` is on cpu, whereas the model is on cuda. You may experience unexpected behaviors or slower generation. Please make sure that you have put `input_ids` to the correct device by calling for example input_ids = input_ids.to('cuda') before running `.generate()`.
  warnings.warn(
!!!!!!!!!! Entry 1
!!!!!!!!!! Running equiv_check
!!!!!!!!!! Entry 0
!!!!!!!!!! results/Qwen2.5-Coder-32B-Instruct/default-0.3-True/Vector26onedown.java.451
!!!!!!!!!! Running null_check
!!!!!!!!!! Entry 0
!!!!!!!!!! Running compile_check
!!!!!!!!!! Entry 0
!!!!!!!!!! Running fuzz_check
!!!!!!!!!! Entry 0
!!!!!!!!!! Running rdtp_check
!!!!!!!!!! Entry 0
/opt/conda/lib/python3.11/site-packages/transformers/generation/utils.py:2506: UserWarning: You are calling .generate() with the `input_ids` being on a device type different than your model's device. `input_ids` is on cpu, whereas the model is on cuda. You may experience unexpected behaviors or slower generation. Please make sure that you have put `input_ids` to the correct device by calling for example input_ids = input_ids.to('cuda') before running `.generate()`.
  warnings.warn(
!!!!!!!!!! Running equiv_check
!!!!!!!!!! Entry 0
!!!!!!!!!! results/Qwen2.5-Coder-32B-Instruct/default-0.3-True/Vector27onedown.java.452
!!!!!!!!!! Running null_check
!!!!!!!!!! Entry 0
!!!!!!!!!! Running compile_check
!!!!!!!!!! Entry 0
!!!!!!!!!! Running fuzz_check
!!!!!!!!!! Entry 0
!!!!!!!!!! Running rdtp_check
!!!!!!!!!! Entry 0
/opt/conda/lib/python3.11/site-packages/transformers/generation/utils.py:2506: UserWarning: You are calling .generate() with the `input_ids` being on a device type different than your model's device. `input_ids` is on cpu, whereas the model is on cuda. You may experience unexpected behaviors or slower generation. Please make sure that you have put `input_ids` to the correct device by calling for example input_ids = input_ids.to('cuda') before running `.generate()`.
  warnings.warn(
!!!!!!!!!! Running equiv_check
!!!!!!!!!! Entry 0
!!!!!!!!!! equiv check failure
!!!!!!!!!! results/Qwen2.5-Coder-32B-Instruct/default-0.3-True/Vector28onedown.java.453
!!!!!!!!!! Running null_check
!!!!!!!!!! Entry 0
!!!!!!!!!! Running compile_check
!!!!!!!!!! Entry 0
!!!!!!!!!! Running fuzz_check
!!!!!!!!!! Entry 0
!!!!!!!!!! Running rdtp_check
!!!!!!!!!! Running equiv_check
!!!!!!!!!! results/Qwen2.5-Coder-32B-Instruct/default-0.3-True/Vector29onedown.java.454
!!!!!!!!!! Running null_check
!!!!!!!!!! Entry 0
!!!!!!!!!! Running compile_check
!!!!!!!!!! Entry 0
!!!!!!!!!! Running fuzz_check
!!!!!!!!!! Entry 0
!!!!!!!!!! Running rdtp_check
!!!!!!!!!! Entry 0
/opt/conda/lib/python3.11/site-packages/transformers/generation/utils.py:2506: UserWarning: You are calling .generate() with the `input_ids` being on a device type different than your model's device. `input_ids` is on cpu, whereas the model is on cuda. You may experience unexpected behaviors or slower generation. Please make sure that you have put `input_ids` to the correct device by calling for example input_ids = input_ids.to('cuda') before running `.generate()`.
  warnings.warn(
!!!!!!!!!! Running equiv_check
!!!!!!!!!! Entry 0
!!!!!!!!!! equiv check failure
!!!!!!!!!! results/Qwen2.5-Coder-32B-Instruct/default-0.3-True/Vector30onedown.java.455
!!!!!!!!!! Running null_check
!!!!!!!!!! Entry 0
!!!!!!!!!! Running compile_check
!!!!!!!!!! Entry 0
!!!!!!!!!! Running fuzz_check
!!!!!!!!!! Entry 0
!!!!!!!!!! Running rdtp_check
!!!!!!!!!! Entry 0
/opt/conda/lib/python3.11/site-packages/transformers/generation/utils.py:2506: UserWarning: You are calling .generate() with the `input_ids` being on a device type different than your model's device. `input_ids` is on cpu, whereas the model is on cuda. You may experience unexpected behaviors or slower generation. Please make sure that you have put `input_ids` to the correct device by calling for example input_ids = input_ids.to('cuda') before running `.generate()`.
  warnings.warn(
!!!!!!!!!! Running equiv_check
!!!!!!!!!! Entry 0
!!!!!!!!!! equiv check failure
!!!!!!!!!! results/Qwen2.5-Coder-32B-Instruct/default-0.3-True/Vector31onedown.java.456
!!!!!!!!!! Running null_check
!!!!!!!!!! Entry 0
!!!!!!!!!! Entry 1
!!!!!!!!!! Entry 2
!!!!!!!!!! Running compile_check
!!!!!!!!!! Entry 0
!!!!!!!!!! Entry 1
!!!!!!!!!! Entry 2
!!!!!!!!!! Running fuzz_check
!!!!!!!!!! Entry 0
!!!!!!!!!! Entry 1
!!!!!!!!!! Entry 2
!!!!!!!!!! Running rdtp_check
!!!!!!!!!! Running equiv_check
!!!!!!!!!! results/Qwen2.5-Coder-32B-Instruct/default-0.3-True/Vector32onedown.java.457
!!!!!!!!!! Running null_check
!!!!!!!!!! Entry 0
!!!!!!!!!! Entry 1
!!!!!!!!!! Running compile_check
!!!!!!!!!! Entry 0
!!!!!!!!!! Entry 1
!!!!!!!!!! Running fuzz_check
!!!!!!!!!! Entry 0
!!!!!!!!!! Entry 1
!!!!!!!!!! Running rdtp_check
!!!!!!!!!! Entry 0
/opt/conda/lib/python3.11/site-packages/transformers/generation/utils.py:2506: UserWarning: You are calling .generate() with the `input_ids` being on a device type different than your model's device. `input_ids` is on cpu, whereas the model is on cuda. You may experience unexpected behaviors or slower generation. Please make sure that you have put `input_ids` to the correct device by calling for example input_ids = input_ids.to('cuda') before running `.generate()`.
  warnings.warn(
!!!!!!!!!! Entry 1
!!!!!!!!!! Running equiv_check
!!!!!!!!!! results/Qwen2.5-Coder-32B-Instruct/default-0.3-True/Vector33onedown.java.458
!!!!!!!!!! Running null_check
!!!!!!!!!! Entry 0
!!!!!!!!!! Entry 1
!!!!!!!!!! Running compile_check
!!!!!!!!!! Entry 0
!!!!!!!!!! Entry 1
!!!!!!!!!! Running fuzz_check
!!!!!!!!!! Entry 0
!!!!!!!!!! Entry 1
!!!!!!!!!! Running rdtp_check
!!!!!!!!!! Entry 0
/opt/conda/lib/python3.11/site-packages/transformers/generation/utils.py:2506: UserWarning: You are calling .generate() with the `input_ids` being on a device type different than your model's device. `input_ids` is on cpu, whereas the model is on cuda. You may experience unexpected behaviors or slower generation. Please make sure that you have put `input_ids` to the correct device by calling for example input_ids = input_ids.to('cuda') before running `.generate()`.
  warnings.warn(
!!!!!!!!!! Entry 1
!!!!!!!!!! Running equiv_check
!!!!!!!!!! results/Qwen2.5-Coder-32B-Instruct/default-0.3-True/Vector34onedown.java.459
!!!!!!!!!! Running null_check
!!!!!!!!!! Entry 0
!!!!!!!!!! Running compile_check
!!!!!!!!!! Entry 0
!!!!!!!!!! Running fuzz_check
!!!!!!!!!! Entry 0
!!!!!!!!!! Running rdtp_check
!!!!!!!!!! Entry 0
/opt/conda/lib/python3.11/site-packages/transformers/generation/utils.py:2506: UserWarning: You are calling .generate() with the `input_ids` being on a device type different than your model's device. `input_ids` is on cpu, whereas the model is on cuda. You may experience unexpected behaviors or slower generation. Please make sure that you have put `input_ids` to the correct device by calling for example input_ids = input_ids.to('cuda') before running `.generate()`.
  warnings.warn(
!!!!!!!!!! Running equiv_check
!!!!!!!!!! results/Qwen2.5-Coder-32B-Instruct/default-0.3-True/Vector35onedown.java.460
!!!!!!!!!! Running null_check
!!!!!!!!!! Entry 0
!!!!!!!!!! Entry 2
!!!!!!!!!! Running compile_check
!!!!!!!!!! Entry 0
!!!!!!!!!! Entry 2
!!!!!!!!!! Running fuzz_check
!!!!!!!!!! Entry 0
!!!!!!!!!! Entry 2
!!!!!!!!!! Running rdtp_check
!!!!!!!!!! Entry 0
/opt/conda/lib/python3.11/site-packages/transformers/generation/utils.py:2506: UserWarning: You are calling .generate() with the `input_ids` being on a device type different than your model's device. `input_ids` is on cpu, whereas the model is on cuda. You may experience unexpected behaviors or slower generation. Please make sure that you have put `input_ids` to the correct device by calling for example input_ids = input_ids.to('cuda') before running `.generate()`.
  warnings.warn(
!!!!!!!!!! Entry 2
!!!!!!!!!! Running equiv_check
!!!!!!!!!! Entry 2
!!!!!!!!!! equiv check failure
!!!!!!!!!! results/Qwen2.5-Coder-32B-Instruct/default-0.3-True/Vector36onedown.java.461
!!!!!!!!!! Running null_check
!!!!!!!!!! Entry 0
!!!!!!!!!! Running compile_check
!!!!!!!!!! Entry 0
!!!!!!!!!! Running fuzz_check
!!!!!!!!!! Entry 0
!!!!!!!!!! Running rdtp_check
!!!!!!!!!! Running equiv_check
!!!!!!!!!! results/Qwen2.5-Coder-32B-Instruct/default-0.3-True/Vector37onedown.java.462
!!!!!!!!!! Running null_check
!!!!!!!!!! Entry 0
!!!!!!!!!! Running compile_check
!!!!!!!!!! Entry 0
!!!!!!!!!! Running fuzz_check
!!!!!!!!!! Entry 0
!!!!!!!!!! Running rdtp_check
!!!!!!!!!! Entry 0
/opt/conda/lib/python3.11/site-packages/transformers/generation/utils.py:2506: UserWarning: You are calling .generate() with the `input_ids` being on a device type different than your model's device. `input_ids` is on cpu, whereas the model is on cuda. You may experience unexpected behaviors or slower generation. Please make sure that you have put `input_ids` to the correct device by calling for example input_ids = input_ids.to('cuda') before running `.generate()`.
  warnings.warn(
!!!!!!!!!! Running equiv_check
!!!!!!!!!! Entry 0
!!!!!!!!!! results/Qwen2.5-Coder-32B-Instruct/default-0.3-True/Vector38onedown.java.463
!!!!!!!!!! Running null_check
!!!!!!!!!! Entry 0
!!!!!!!!!! Running compile_check
!!!!!!!!!! Entry 0
!!!!!!!!!! Running fuzz_check
!!!!!!!!!! Entry 0
!!!!!!!!!! Running rdtp_check
!!!!!!!!!! Entry 0
/opt/conda/lib/python3.11/site-packages/transformers/generation/utils.py:2506: UserWarning: You are calling .generate() with the `input_ids` being on a device type different than your model's device. `input_ids` is on cpu, whereas the model is on cuda. You may experience unexpected behaviors or slower generation. Please make sure that you have put `input_ids` to the correct device by calling for example input_ids = input_ids.to('cuda') before running `.generate()`.
  warnings.warn(
!!!!!!!!!! Running equiv_check
!!!!!!!!!! results/Qwen2.5-Coder-32B-Instruct/default-0.3-True/Vector39onedown.java.464
!!!!!!!!!! Running null_check
!!!!!!!!!! Entry 0
!!!!!!!!!! Entry 1
!!!!!!!!!! Running compile_check
!!!!!!!!!! Entry 0
!!!!!!!!!! Entry 1
!!!!!!!!!! Running fuzz_check
!!!!!!!!!! Entry 0
!!!!!!!!!! Entry 1
!!!!!!!!!! Running rdtp_check
!!!!!!!!!! Entry 0
/opt/conda/lib/python3.11/site-packages/transformers/generation/utils.py:2506: UserWarning: You are calling .generate() with the `input_ids` being on a device type different than your model's device. `input_ids` is on cpu, whereas the model is on cuda. You may experience unexpected behaviors or slower generation. Please make sure that you have put `input_ids` to the correct device by calling for example input_ids = input_ids.to('cuda') before running `.generate()`.
  warnings.warn(
!!!!!!!!!! Entry 1
!!!!!!!!!! Running equiv_check
!!!!!!!!!! results/Qwen2.5-Coder-32B-Instruct/default-0.3-True/Vector40onedown.java.465
!!!!!!!!!! Running null_check
!!!!!!!!!! Entry 0
!!!!!!!!!! Entry 1
!!!!!!!!!! Running compile_check
!!!!!!!!!! Entry 0
!!!!!!!!!! Entry 1
!!!!!!!!!! Running fuzz_check
!!!!!!!!!! Entry 0
!!!!!!!!!! Entry 1
!!!!!!!!!! Running rdtp_check
!!!!!!!!!! Entry 0
/opt/conda/lib/python3.11/site-packages/transformers/generation/utils.py:2506: UserWarning: You are calling .generate() with the `input_ids` being on a device type different than your model's device. `input_ids` is on cpu, whereas the model is on cuda. You may experience unexpected behaviors or slower generation. Please make sure that you have put `input_ids` to the correct device by calling for example input_ids = input_ids.to('cuda') before running `.generate()`.
  warnings.warn(
!!!!!!!!!! Entry 1
!!!!!!!!!! Running equiv_check
!!!!!!!!!! Entry 0
!!!!!!!!!! Entry 1
!!!!!!!!!! results/Qwen2.5-Coder-32B-Instruct/default-0.3-True/Vector41onedown.java.466
!!!!!!!!!! Running null_check
!!!!!!!!!! Entry 0
!!!!!!!!!! Entry 1
!!!!!!!!!! Running compile_check
!!!!!!!!!! Entry 0
!!!!!!!!!! Entry 1
!!!!!!!!!! Running fuzz_check
!!!!!!!!!! Entry 0
!!!!!!!!!! Entry 1
!!!!!!!!!! Running rdtp_check
!!!!!!!!!! Entry 1
/opt/conda/lib/python3.11/site-packages/transformers/generation/utils.py:2506: UserWarning: You are calling .generate() with the `input_ids` being on a device type different than your model's device. `input_ids` is on cpu, whereas the model is on cuda. You may experience unexpected behaviors or slower generation. Please make sure that you have put `input_ids` to the correct device by calling for example input_ids = input_ids.to('cuda') before running `.generate()`.
  warnings.warn(
!!!!!!!!!! Running equiv_check
!!!!!!!!!! results/Qwen2.5-Coder-32B-Instruct/default-0.3-True/Vector42onedown.java.467
!!!!!!!!!! Running null_check
!!!!!!!!!! Entry 0
!!!!!!!!!! Entry 1
!!!!!!!!!! Running compile_check
!!!!!!!!!! Entry 0
!!!!!!!!!! Entry 1
!!!!!!!!!! Running fuzz_check
!!!!!!!!!! Entry 0
!!!!!!!!!! Entry 1
!!!!!!!!!! Running rdtp_check
!!!!!!!!!! Running equiv_check
!!!!!!!!!! results/Qwen2.5-Coder-32B-Instruct/default-0.3-True/Vector43onedown.java.468
!!!!!!!!!! Running null_check
!!!!!!!!!! Entry 0
!!!!!!!!!! Running compile_check
!!!!!!!!!! Entry 0
!!!!!!!!!! Running fuzz_check
!!!!!!!!!! Entry 0
!!!!!!!!!! Running rdtp_check
!!!!!!!!!! Entry 0
/opt/conda/lib/python3.11/site-packages/transformers/generation/utils.py:2506: UserWarning: You are calling .generate() with the `input_ids` being on a device type different than your model's device. `input_ids` is on cpu, whereas the model is on cuda. You may experience unexpected behaviors or slower generation. Please make sure that you have put `input_ids` to the correct device by calling for example input_ids = input_ids.to('cuda') before running `.generate()`.
  warnings.warn(
!!!!!!!!!! Running equiv_check
!!!!!!!!!! results/Qwen2.5-Coder-32B-Instruct/default-0.3-True/Vector44onedown.java.469
!!!!!!!!!! Running null_check
!!!!!!!!!! Entry 0
!!!!!!!!!! Running compile_check
!!!!!!!!!! Entry 0
!!!!!!!!!! Running fuzz_check
!!!!!!!!!! Entry 0
!!!!!!!!!! Running rdtp_check
!!!!!!!!!! Entry 0
/opt/conda/lib/python3.11/site-packages/transformers/generation/utils.py:2506: UserWarning: You are calling .generate() with the `input_ids` being on a device type different than your model's device. `input_ids` is on cpu, whereas the model is on cuda. You may experience unexpected behaviors or slower generation. Please make sure that you have put `input_ids` to the correct device by calling for example input_ids = input_ids.to('cuda') before running `.generate()`.
  warnings.warn(
!!!!!!!!!! Running equiv_check
!!!!!!!!!! Entry 0
!!!!!!!!!! equiv check failure
!!!!!!!!!! results/Qwen2.5-Coder-32B-Instruct/default-0.3-True/Vector45onedown.java.470
!!!!!!!!!! Running null_check
!!!!!!!!!! Entry 0
!!!!!!!!!! Running compile_check
!!!!!!!!!! Entry 0
!!!!!!!!!! Running fuzz_check
!!!!!!!!!! Entry 0
!!!!!!!!!! Running rdtp_check
!!!!!!!!!! Entry 0
/opt/conda/lib/python3.11/site-packages/transformers/generation/utils.py:2506: UserWarning: You are calling .generate() with the `input_ids` being on a device type different than your model's device. `input_ids` is on cpu, whereas the model is on cuda. You may experience unexpected behaviors or slower generation. Please make sure that you have put `input_ids` to the correct device by calling for example input_ids = input_ids.to('cuda') before running `.generate()`.
  warnings.warn(
!!!!!!!!!! Running equiv_check
!!!!!!!!!! results/Qwen2.5-Coder-32B-Instruct/default-0.3-True/Vector46onedown.java.471
!!!!!!!!!! Running null_check
!!!!!!!!!! Entry 0
!!!!!!!!!! Running compile_check
!!!!!!!!!! Entry 0
!!!!!!!!!! Running fuzz_check
!!!!!!!!!! Entry 0
!!!!!!!!!! Running rdtp_check
!!!!!!!!!! Entry 0
/opt/conda/lib/python3.11/site-packages/transformers/generation/utils.py:2506: UserWarning: You are calling .generate() with the `input_ids` being on a device type different than your model's device. `input_ids` is on cpu, whereas the model is on cuda. You may experience unexpected behaviors or slower generation. Please make sure that you have put `input_ids` to the correct device by calling for example input_ids = input_ids.to('cuda') before running `.generate()`.
  warnings.warn(
!!!!!!!!!! Running equiv_check
!!!!!!!!!! Entry 0
!!!!!!!!!! results/Qwen2.5-Coder-32B-Instruct/default-0.3-True/Vector47onedown.java.472
!!!!!!!!!! Running null_check
!!!!!!!!!! Entry 0
!!!!!!!!!! Running compile_check
!!!!!!!!!! Entry 0
!!!!!!!!!! Running fuzz_check
!!!!!!!!!! Entry 0
!!!!!!!!!! Running rdtp_check
!!!!!!!!!! Entry 0
/opt/conda/lib/python3.11/site-packages/transformers/generation/utils.py:2506: UserWarning: You are calling .generate() with the `input_ids` being on a device type different than your model's device. `input_ids` is on cpu, whereas the model is on cuda. You may experience unexpected behaviors or slower generation. Please make sure that you have put `input_ids` to the correct device by calling for example input_ids = input_ids.to('cuda') before running `.generate()`.
  warnings.warn(
!!!!!!!!!! Running equiv_check
!!!!!!!!!! Entry 0
!!!!!!!!!! results/Qwen2.5-Coder-32B-Instruct/default-0.3-True/Vector48onedown.java.473
!!!!!!!!!! Running null_check
!!!!!!!!!! Entry 0
!!!!!!!!!! Running compile_check
!!!!!!!!!! Entry 0
!!!!!!!!!! Running fuzz_check
!!!!!!!!!! Entry 0
!!!!!!!!!! Running rdtp_check
!!!!!!!!!! Entry 0
/opt/conda/lib/python3.11/site-packages/transformers/generation/utils.py:2506: UserWarning: You are calling .generate() with the `input_ids` being on a device type different than your model's device. `input_ids` is on cpu, whereas the model is on cuda. You may experience unexpected behaviors or slower generation. Please make sure that you have put `input_ids` to the correct device by calling for example input_ids = input_ids.to('cuda') before running `.generate()`.
  warnings.warn(
!!!!!!!!!! Running equiv_check
!!!!!!!!!! Entry 0
!!!!!!!!!! results/Qwen2.5-Coder-32B-Instruct/default-0.3-True/Vector49onedown.java.474
!!!!!!!!!! Running null_check
!!!!!!!!!! Entry 0
!!!!!!!!!! Running compile_check
!!!!!!!!!! Entry 0
!!!!!!!!!! Running fuzz_check
!!!!!!!!!! Entry 0
!!!!!!!!!! Running rdtp_check
!!!!!!!!!! Entry 0
/opt/conda/lib/python3.11/site-packages/transformers/generation/utils.py:2506: UserWarning: You are calling .generate() with the `input_ids` being on a device type different than your model's device. `input_ids` is on cpu, whereas the model is on cuda. You may experience unexpected behaviors or slower generation. Please make sure that you have put `input_ids` to the correct device by calling for example input_ids = input_ids.to('cuda') before running `.generate()`.
  warnings.warn(
!!!!!!!!!! Running equiv_check
!!!!!!!!!! Entry 0
!!!!!!!!!! equiv check failure
!!!!!!!!!! results/Qwen2.5-Coder-32B-Instruct/default-0.3-True/Vector50onedown.java.475
!!!!!!!!!! Running null_check
!!!!!!!!!! Entry 0
!!!!!!!!!! Running compile_check
!!!!!!!!!! Entry 0
!!!!!!!!!! Running fuzz_check
!!!!!!!!!! Running rdtp_check
!!!!!!!!!! Running equiv_check
!!!!!!!!!! results/Qwen2.5-Coder-32B-Instruct/default-0.3-True/Vector51onedown.java.476
!!!!!!!!!! Running null_check
!!!!!!!!!! Entry 0
!!!!!!!!!! Running compile_check
!!!!!!!!!! Entry 0
!!!!!!!!!! Running fuzz_check
!!!!!!!!!! Entry 0
!!!!!!!!!! Running rdtp_check
!!!!!!!!!! Entry 0
/opt/conda/lib/python3.11/site-packages/transformers/generation/utils.py:2506: UserWarning: You are calling .generate() with the `input_ids` being on a device type different than your model's device. `input_ids` is on cpu, whereas the model is on cuda. You may experience unexpected behaviors or slower generation. Please make sure that you have put `input_ids` to the correct device by calling for example input_ids = input_ids.to('cuda') before running `.generate()`.
  warnings.warn(
!!!!!!!!!! Running equiv_check
!!!!!!!!!! results/Qwen2.5-Coder-32B-Instruct/default-0.3-True/Vector52onedown.java.477
!!!!!!!!!! Running null_check
!!!!!!!!!! Entry 0
!!!!!!!!!! Running compile_check
!!!!!!!!!! Entry 0
!!!!!!!!!! Running fuzz_check
!!!!!!!!!! Running rdtp_check
!!!!!!!!!! Running equiv_check
!!!!!!!!!! results/Qwen2.5-Coder-32B-Instruct/default-0.3-True/Vector53onedown.java.478
!!!!!!!!!! Running null_check
!!!!!!!!!! Entry 0
!!!!!!!!!! Running compile_check
!!!!!!!!!! Entry 0
!!!!!!!!!! Running fuzz_check
!!!!!!!!!! Entry 0
!!!!!!!!!! Running rdtp_check
!!!!!!!!!! Entry 0
/opt/conda/lib/python3.11/site-packages/transformers/generation/utils.py:2506: UserWarning: You are calling .generate() with the `input_ids` being on a device type different than your model's device. `input_ids` is on cpu, whereas the model is on cuda. You may experience unexpected behaviors or slower generation. Please make sure that you have put `input_ids` to the correct device by calling for example input_ids = input_ids.to('cuda') before running `.generate()`.
  warnings.warn(
!!!!!!!!!! Running equiv_check
!!!!!!!!!! Entry 0
!!!!!!!!!! equiv check failure
!!!!!!!!!! results/Qwen2.5-Coder-32B-Instruct/default-0.3-True/Vector54onedown.java.479
!!!!!!!!!! Running null_check
!!!!!!!!!! Entry 0
!!!!!!!!!! Running compile_check
!!!!!!!!!! Entry 0
!!!!!!!!!! Running fuzz_check
!!!!!!!!!! Entry 0
!!!!!!!!!! Running rdtp_check
!!!!!!!!!! Entry 0
/opt/conda/lib/python3.11/site-packages/transformers/generation/utils.py:2506: UserWarning: You are calling .generate() with the `input_ids` being on a device type different than your model's device. `input_ids` is on cpu, whereas the model is on cuda. You may experience unexpected behaviors or slower generation. Please make sure that you have put `input_ids` to the correct device by calling for example input_ids = input_ids.to('cuda') before running `.generate()`.
  warnings.warn(
!!!!!!!!!! Running equiv_check
!!!!!!!!!! Entry 0
!!!!!!!!!! equiv check failure
!!!!!!!!!! results/Qwen2.5-Coder-32B-Instruct/default-0.3-True/Vector55onedown.java.480
!!!!!!!!!! Running null_check
!!!!!!!!!! Entry 0
!!!!!!!!!! Running compile_check
!!!!!!!!!! Entry 0
!!!!!!!!!! Running fuzz_check
!!!!!!!!!! Entry 0
!!!!!!!!!! Running rdtp_check
!!!!!!!!!! Entry 0
/opt/conda/lib/python3.11/site-packages/transformers/generation/utils.py:2506: UserWarning: You are calling .generate() with the `input_ids` being on a device type different than your model's device. `input_ids` is on cpu, whereas the model is on cuda. You may experience unexpected behaviors or slower generation. Please make sure that you have put `input_ids` to the correct device by calling for example input_ids = input_ids.to('cuda') before running `.generate()`.
  warnings.warn(
!!!!!!!!!! Running equiv_check
!!!!!!!!!! Entry 0
!!!!!!!!!! equiv check failure
!!!!!!!!!! results/Qwen2.5-Coder-32B-Instruct/default-0.3-True/Vector56onedown.java.481
!!!!!!!!!! Running null_check
!!!!!!!!!! Entry 0
!!!!!!!!!! Entry 2
!!!!!!!!!! Running compile_check
!!!!!!!!!! Entry 0
!!!!!!!!!! Entry 2
!!!!!!!!!! Running fuzz_check
!!!!!!!!!! Running rdtp_check
!!!!!!!!!! Running equiv_check
!!!!!!!!!! results/Qwen2.5-Coder-32B-Instruct/default-0.3-True/Vector57onedown.java.482
!!!!!!!!!! Running null_check
!!!!!!!!!! Entry 0
!!!!!!!!!! Running compile_check
!!!!!!!!!! Entry 0
!!!!!!!!!! Running fuzz_check
!!!!!!!!!! Entry 0
!!!!!!!!!! Running rdtp_check
!!!!!!!!!! Entry 0
/opt/conda/lib/python3.11/site-packages/transformers/generation/utils.py:2506: UserWarning: You are calling .generate() with the `input_ids` being on a device type different than your model's device. `input_ids` is on cpu, whereas the model is on cuda. You may experience unexpected behaviors or slower generation. Please make sure that you have put `input_ids` to the correct device by calling for example input_ids = input_ids.to('cuda') before running `.generate()`.
  warnings.warn(
!!!!!!!!!! Running equiv_check
!!!!!!!!!! results/Qwen2.5-Coder-32B-Instruct/default-0.3-True/Vector58onedown.java.483
!!!!!!!!!! Running null_check
!!!!!!!!!! Entry 0
!!!!!!!!!! Running compile_check
!!!!!!!!!! Entry 0
!!!!!!!!!! Running fuzz_check
!!!!!!!!!! Entry 0
!!!!!!!!!! Running rdtp_check
!!!!!!!!!! Entry 0
/opt/conda/lib/python3.11/site-packages/transformers/generation/utils.py:2506: UserWarning: You are calling .generate() with the `input_ids` being on a device type different than your model's device. `input_ids` is on cpu, whereas the model is on cuda. You may experience unexpected behaviors or slower generation. Please make sure that you have put `input_ids` to the correct device by calling for example input_ids = input_ids.to('cuda') before running `.generate()`.
  warnings.warn(
!!!!!!!!!! Running equiv_check
!!!!!!!!!! Entry 0
!!!!!!!!!! equiv check failure
!!!!!!!!!! results/Qwen2.5-Coder-32B-Instruct/default-0.3-True/Vector59onedown.java.484
!!!!!!!!!! Running null_check
!!!!!!!!!! Entry 0
!!!!!!!!!! Running compile_check
!!!!!!!!!! Entry 0
!!!!!!!!!! Running fuzz_check
!!!!!!!!!! Entry 0
!!!!!!!!!! Running rdtp_check
!!!!!!!!!! Entry 0
/opt/conda/lib/python3.11/site-packages/transformers/generation/utils.py:2506: UserWarning: You are calling .generate() with the `input_ids` being on a device type different than your model's device. `input_ids` is on cpu, whereas the model is on cuda. You may experience unexpected behaviors or slower generation. Please make sure that you have put `input_ids` to the correct device by calling for example input_ids = input_ids.to('cuda') before running `.generate()`.
  warnings.warn(
!!!!!!!!!! Running equiv_check
!!!!!!!!!! results/Qwen2.5-Coder-32B-Instruct/default-0.3-True/Vector60onedown.java.485
!!!!!!!!!! Running null_check
!!!!!!!!!! Entry 0
!!!!!!!!!! Running compile_check
!!!!!!!!!! Entry 0
!!!!!!!!!! Running fuzz_check
!!!!!!!!!! Entry 0
!!!!!!!!!! Running rdtp_check
!!!!!!!!!! Running equiv_check
!!!!!!!!!! results/Qwen2.5-Coder-32B-Instruct/default-0.3-True/Vector61onedown.java.486
!!!!!!!!!! Running null_check
!!!!!!!!!! Entry 0
!!!!!!!!!! Entry 1
!!!!!!!!!! Running compile_check
!!!!!!!!!! Entry 0
!!!!!!!!!! Entry 1
!!!!!!!!!! Running fuzz_check
!!!!!!!!!! Entry 0
!!!!!!!!!! Entry 1
!!!!!!!!!! Running rdtp_check
!!!!!!!!!! Entry 0
/opt/conda/lib/python3.11/site-packages/transformers/generation/utils.py:2506: UserWarning: You are calling .generate() with the `input_ids` being on a device type different than your model's device. `input_ids` is on cpu, whereas the model is on cuda. You may experience unexpected behaviors or slower generation. Please make sure that you have put `input_ids` to the correct device by calling for example input_ids = input_ids.to('cuda') before running `.generate()`.
  warnings.warn(
!!!!!!!!!! Entry 1
!!!!!!!!!! Running equiv_check
!!!!!!!!!! Entry 1
!!!!!!!!!! results/Qwen2.5-Coder-32B-Instruct/default-0.3-True/Vector62onedown.java.487
!!!!!!!!!! Running null_check
!!!!!!!!!! Entry 0
!!!!!!!!!! Running compile_check
!!!!!!!!!! Entry 0
!!!!!!!!!! Running fuzz_check
!!!!!!!!!! Running rdtp_check
!!!!!!!!!! Running equiv_check
!!!!!!!!!! results/Qwen2.5-Coder-32B-Instruct/default-0.3-True/Vector63onedown.java.488
!!!!!!!!!! Running null_check
!!!!!!!!!! Entry 0
!!!!!!!!!! Running compile_check
!!!!!!!!!! Entry 0
Error in entry 0: 'toArray'
!!!!!!!!!! Running fuzz_check
!!!!!!!!!! Running rdtp_check
!!!!!!!!!! Running equiv_check
